id,country,name,website,email,responsable,manager,buyer,created_by_user_id,created_by_user_name,created_by_user_email,created_at,updated_at
31259,unknown,,,,,,,,,,Thu Dec 04 2025 21:55:36 GMT-0300 (Horário Padrão de Brasília),Thu Dec 04 2025 21:55:36 GMT-0300 (Horário Padrão de Brasília)
31416,unknown,International Gift Expo of the Smokies,,,,,,,,,Thu Dec 04 2025 21:55:36 GMT-0300 (Horário Padrão de Brasília),Thu Dec 04 2025 21:55:36 GMT-0300 (Horário Padrão de Brasília)
31417,unknown,,,,,,,,,,Thu Dec 04 2025 21:55:36 GMT-0300 (Horário Padrão de Brasília),Thu Dec 04 2025 21:55:36 GMT-0300 (Horário Padrão de Brasília)
31418,unknown,REBELSCUM.com,,,,,,,,,Thu Dec 04 2025 21:55:36 GMT-0300 (Horário Padrão de Brasília),Thu Dec 04 2025 21:55:36 GMT-0300 (Horário Padrão de Brasília)
31419,unknown,Youtube.com,,,,,,,,,Thu Dec 04 2025 21:55:36 GMT-0300 (Horário Padrão de Brasília),Thu Dec 04 2025 21:55:36 GMT-0300 (Horário Padrão de Brasília)
31420,unknown,"


Spark Shipping:
 

Wholesale Formula:
http://thewholesaleformula.com/wp-content/uploads/2018/02/Guide-to-25-Wholesalers.pdf 
http://thewholesaleformula.com/wp-content/uploads/2018/02/99-Wholesale-Sources-Reference-Builder-Tool.pdf 

",,,,,,,,,Thu Dec 04 2025 21:55:36 GMT-0300 (Horário Padrão de Brasília),Thu Dec 04 2025 21:55:36 GMT-0300 (Horário Padrão de Brasília)
31421,unknown," 3rd party sellers (Amazon, eBay, Faire, Tundra, Doba,etc)",,,,,,,,,Thu Dec 04 2025 21:55:36 GMT-0300 (Horário Padrão de Brasília),Thu Dec 04 2025 21:55:36 GMT-0300 (Horário Padrão de Brasília)
31059,unknown,EverestWholesale,,,,,,,,,Thu Dec 04 2025 21:55:35 GMT-0300 (Horário Padrão de Brasília),Thu Dec 04 2025 21:55:35 GMT-0300 (Horário Padrão de Brasília)
31060,unknown,Everest Toys,,,,,,,,,Thu Dec 04 2025 21:55:35 GMT-0300 (Horário Padrão de Brasília),Thu Dec 04 2025 21:55:35 GMT-0300 (Horário Padrão de Brasília)
31061,unknown,Factory Direct Craft ,,,,,,,,,Thu Dec 04 2025 21:55:35 GMT-0300 (Horário Padrão de Brasília),Thu Dec 04 2025 21:55:35 GMT-0300 (Horário Padrão de Brasília)
31062,unknown,faire.com,,,,,,,,,Thu Dec 04 2025 21:55:35 GMT-0300 (Horário Padrão de Brasília),Thu Dec 04 2025 21:55:35 GMT-0300 (Horário Padrão de Brasília)
31063,unknown,Fame Acessories,,,,,,,,,Thu Dec 04 2025 21:55:35 GMT-0300 (Horário Padrão de Brasília),Thu Dec 04 2025 21:55:35 GMT-0300 (Horário Padrão de Brasília)
31064,unknown,FantasyGift,,,,,,,,,Thu Dec 04 2025 21:55:35 GMT-0300 (Horário Padrão de Brasília),Thu Dec 04 2025 21:55:35 GMT-0300 (Horário Padrão de Brasília)
31065,unknown,Fascinations,,,,,,,,,Thu Dec 04 2025 21:55:35 GMT-0300 (Horário Padrão de Brasília),Thu Dec 04 2025 21:55:35 GMT-0300 (Horário Padrão de Brasília)
31066,unknown,Fesco Distributors,,,,,,,,,Thu Dec 04 2025 21:55:35 GMT-0300 (Horário Padrão de Brasília),Thu Dec 04 2025 21:55:35 GMT-0300 (Horário Padrão de Brasília)
31067,unknown,Flomo Wholesale,,,,,,,,,Thu Dec 04 2025 21:55:35 GMT-0300 (Horário Padrão de Brasília),Thu Dec 04 2025 21:55:35 GMT-0300 (Horário Padrão de Brasília)
31068,unknown,FOCAAS,,,,,,,,,Thu Dec 04 2025 21:55:35 GMT-0300 (Horário Padrão de Brasília),Thu Dec 04 2025 21:55:35 GMT-0300 (Horário Padrão de Brasília)
31069,unknown,ForeverPets,,,,,,,,,Thu Dec 04 2025 21:55:35 GMT-0300 (Horário Padrão de Brasília),Thu Dec 04 2025 21:55:35 GMT-0300 (Horário Padrão de Brasília)
31070,unknown,FrontierCo-OpWholesale,,,,,,,,,Thu Dec 04 2025 21:55:35 GMT-0300 (Horário Padrão de Brasília),Thu Dec 04 2025 21:55:35 GMT-0300 (Horário Padrão de Brasília)
31071,unknown,Fun Central,,,,,,,,,Thu Dec 04 2025 21:55:35 GMT-0300 (Horário Padrão de Brasília),Thu Dec 04 2025 21:55:35 GMT-0300 (Horário Padrão de Brasília)
31072,unknown,Gabe Clothing,,,,,,,,,Thu Dec 04 2025 21:55:35 GMT-0300 (Horário Padrão de Brasília),Thu Dec 04 2025 21:55:35 GMT-0300 (Horário Padrão de Brasília)
31073,unknown,Gabes GourmetFoods,,,,,,,,,Thu Dec 04 2025 21:55:35 GMT-0300 (Horário Padrão de Brasília),Thu Dec 04 2025 21:55:35 GMT-0300 (Horário Padrão de Brasília)
31074,unknown,Gabes Stores,,,,,,,,,Thu Dec 04 2025 21:55:35 GMT-0300 (Horário Padrão de Brasília),Thu Dec 04 2025 21:55:35 GMT-0300 (Horário Padrão de Brasília)
31075,unknown,GalaxyDistributors,,,,,,,,,Thu Dec 04 2025 21:55:35 GMT-0300 (Horário Padrão de Brasília),Thu Dec 04 2025 21:55:35 GMT-0300 (Horário Padrão de Brasília)
31076,unknown,Great eastern entertainment,,,,,,,,,Thu Dec 04 2025 21:55:35 GMT-0300 (Horário Padrão de Brasília),Thu Dec 04 2025 21:55:35 GMT-0300 (Horário Padrão de Brasília)
31077,unknown,GeoCentral,,,,,,,,,Thu Dec 04 2025 21:55:35 GMT-0300 (Horário Padrão de Brasília),Thu Dec 04 2025 21:55:35 GMT-0300 (Horário Padrão de Brasília)
31078,unknown,GibsonOverseas,,,,,,,,,Thu Dec 04 2025 21:55:35 GMT-0300 (Horário Padrão de Brasília),Thu Dec 04 2025 21:55:35 GMT-0300 (Horário Padrão de Brasília)
31079,unknown,Gifts International Inc.,,,,,,,,,Thu Dec 04 2025 21:55:35 GMT-0300 (Horário Padrão de Brasília),Thu Dec 04 2025 21:55:35 GMT-0300 (Horário Padrão de Brasília)
31080,unknown,Gifts Wholesale,,,,,,,,,Thu Dec 04 2025 21:55:35 GMT-0300 (Horário Padrão de Brasília),Thu Dec 04 2025 21:55:35 GMT-0300 (Horário Padrão de Brasília)
31081,unknown,Gralen Co.,,,,,,,,,Thu Dec 04 2025 21:55:35 GMT-0300 (Horário Padrão de Brasília),Thu Dec 04 2025 21:55:35 GMT-0300 (Horário Padrão de Brasília)
31082,unknown,GreatDiscounters,,,,,,,,,Thu Dec 04 2025 21:55:35 GMT-0300 (Horário Padrão de Brasília),Thu Dec 04 2025 21:55:35 GMT-0300 (Horário Padrão de Brasília)
31083,unknown,GREG ROBERT PET SUPPLIES,,,,,,,,,Thu Dec 04 2025 21:55:35 GMT-0300 (Horário Padrão de Brasília),Thu Dec 04 2025 21:55:35 GMT-0300 (Horário Padrão de Brasília)
31084,unknown,Groomer'schoice,,,,,,,,,Thu Dec 04 2025 21:55:35 GMT-0300 (Horário Padrão de Brasília),Thu Dec 04 2025 21:55:35 GMT-0300 (Horário Padrão de Brasília)
31085,unknown,GroovyCandies,,,,,,,,,Thu Dec 04 2025 21:55:35 GMT-0300 (Horário Padrão de Brasília),Thu Dec 04 2025 21:55:35 GMT-0300 (Horário Padrão de Brasília)
31086,unknown,Grosnor Distribution Inc.,,,,,,,,,Thu Dec 04 2025 21:55:35 GMT-0300 (Horário Padrão de Brasília),Thu Dec 04 2025 21:55:35 GMT-0300 (Horário Padrão de Brasília)
31118,unknown,Legends Toys & Hobbies,,,,,,,,,Thu Dec 04 2025 21:55:35 GMT-0300 (Horário Padrão de Brasília),Thu Dec 04 2025 21:55:35 GMT-0300 (Horário Padrão de Brasília)
31119,unknown,LEGO(RetailSite),,,,,,,,,Thu Dec 04 2025 21:55:35 GMT-0300 (Horário Padrão de Brasília),Thu Dec 04 2025 21:55:35 GMT-0300 (Horário Padrão de Brasília)
31120,unknown,LemonTreeTradingCompany,,,,,,,,,Thu Dec 04 2025 21:55:35 GMT-0300 (Horário Padrão de Brasília),Thu Dec 04 2025 21:55:35 GMT-0300 (Horário Padrão de Brasília)
31121,unknown,License2Play,,,,,,,,,Thu Dec 04 2025 21:55:35 GMT-0300 (Horário Padrão de Brasília),Thu Dec 04 2025 21:55:35 GMT-0300 (Horário Padrão de Brasília)
31122,unknown,Liquidation.com,,,,,,,,,Thu Dec 04 2025 21:55:35 GMT-0300 (Horário Padrão de Brasília),Thu Dec 04 2025 21:55:35 GMT-0300 (Horário Padrão de Brasília)
31123,unknown,Lotus Light  Enterprises Inc.,,,,,,,,,Thu Dec 04 2025 21:55:35 GMT-0300 (Horário Padrão de Brasília),Thu Dec 04 2025 21:55:35 GMT-0300 (Horário Padrão de Brasília)
31124,unknown,Macalegin Electronics,,,,,,,,,Thu Dec 04 2025 21:55:35 GMT-0300 (Horário Padrão de Brasília),Thu Dec 04 2025 21:55:35 GMT-0300 (Horário Padrão de Brasília)
31125,unknown,Madhatter Magic Shop,,,,,,,,,Thu Dec 04 2025 21:55:35 GMT-0300 (Horário Padrão de Brasília),Thu Dec 04 2025 21:55:35 GMT-0300 (Horário Padrão de Brasília)
31126,unknown,"Marketplace Liquidation, Inc.",,,,,,,,,Thu Dec 04 2025 21:55:35 GMT-0300 (Horário Padrão de Brasília),Thu Dec 04 2025 21:55:35 GMT-0300 (Horário Padrão de Brasília)
31127,unknown,Maxi Aids,,,,,,,,,Thu Dec 04 2025 21:55:35 GMT-0300 (Horário Padrão de Brasília),Thu Dec 04 2025 21:55:35 GMT-0300 (Horário Padrão de Brasília)
31128,unknown,MazelGroup,,,,,,,,,Thu Dec 04 2025 21:55:35 GMT-0300 (Horário Padrão de Brasília),Thu Dec 04 2025 21:55:35 GMT-0300 (Horário Padrão de Brasília)
31129,unknown,Michaels Pro,,,,,,,,,Thu Dec 04 2025 21:55:35 GMT-0300 (Horário Padrão de Brasília),Thu Dec 04 2025 21:55:35 GMT-0300 (Horário Padrão de Brasília)
31130,unknown,MidAmericanTool,,,,,,,,,Thu Dec 04 2025 21:55:35 GMT-0300 (Horário Padrão de Brasília),Thu Dec 04 2025 21:55:35 GMT-0300 (Horário Padrão de Brasília)
31131,unknown,Mirage Pet Products,,,,,,,,,Thu Dec 04 2025 21:55:35 GMT-0300 (Horário Padrão de Brasília),Thu Dec 04 2025 21:55:35 GMT-0300 (Horário Padrão de Brasília)
31132,unknown,MJ Toys,,,,,,,,,Thu Dec 04 2025 21:55:35 GMT-0300 (Horário Padrão de Brasília),Thu Dec 04 2025 21:55:35 GMT-0300 (Horário Padrão de Brasília)
31133,unknown,MK Toys,,,,,,,,,Thu Dec 04 2025 21:55:35 GMT-0300 (Horário Padrão de Brasília),Thu Dec 04 2025 21:55:35 GMT-0300 (Horário Padrão de Brasília)
31134,unknown,MountainViewMovies,,,,,,,,,Thu Dec 04 2025 21:55:35 GMT-0300 (Horário Padrão de Brasília),Thu Dec 04 2025 21:55:35 GMT-0300 (Horário Padrão de Brasília)
31135,unknown,MVPTrading,,,,,,,,,Thu Dec 04 2025 21:55:35 GMT-0300 (Horário Padrão de Brasília),Thu Dec 04 2025 21:55:35 GMT-0300 (Horário Padrão de Brasília)
31136,unknown,Myrabag,,,,,,,,,Thu Dec 04 2025 21:55:35 GMT-0300 (Horário Padrão de Brasília),Thu Dec 04 2025 21:55:35 GMT-0300 (Horário Padrão de Brasília)
31137,unknown,MySouthernHomePlace,,,,,,,,,Thu Dec 04 2025 21:55:35 GMT-0300 (Horário Padrão de Brasília),Thu Dec 04 2025 21:55:35 GMT-0300 (Horário Padrão de Brasília)
31138,unknown,National Prize and Toy,,,,,,,,,Thu Dec 04 2025 21:55:35 GMT-0300 (Horário Padrão de Brasília),Thu Dec 04 2025 21:55:35 GMT-0300 (Horário Padrão de Brasília)
31139,unknown,NelsonWholesaleService,,,,,,,,,Thu Dec 04 2025 21:55:35 GMT-0300 (Horário Padrão de Brasília),Thu Dec 04 2025 21:55:35 GMT-0300 (Horário Padrão de Brasília)
31140,unknown,Notions Marketing,,,,,,,,,Thu Dec 04 2025 21:55:35 GMT-0300 (Horário Padrão de Brasília),Thu Dec 04 2025 21:55:35 GMT-0300 (Horário Padrão de Brasília)
31141,unknown,NovelteesWholesale,,,,,,,,,Thu Dec 04 2025 21:55:35 GMT-0300 (Horário Padrão de Brasília),Thu Dec 04 2025 21:55:35 GMT-0300 (Horário Padrão de Brasília)
31142,unknown,OC Wholesale ,,,,,,,,,Thu Dec 04 2025 21:55:35 GMT-0300 (Horário Padrão de Brasília),Thu Dec 04 2025 21:55:35 GMT-0300 (Horário Padrão de Brasília)
30892,unknown,,,,,,,,,,Thu Dec 04 2025 21:55:35 GMT-0300 (Horário Padrão de Brasília),Thu Dec 04 2025 21:55:35 GMT-0300 (Horário Padrão de Brasília)
30893,unknown,,,,,,,,,,Thu Dec 04 2025 21:55:35 GMT-0300 (Horário Padrão de Brasília),Thu Dec 04 2025 21:55:35 GMT-0300 (Horário Padrão de Brasília)
30894,unknown,,,,,,,,,,Thu Dec 04 2025 21:55:35 GMT-0300 (Horário Padrão de Brasília),Thu Dec 04 2025 21:55:35 GMT-0300 (Horário Padrão de Brasília)
30895,unknown,,,,,,,,,,Thu Dec 04 2025 21:55:35 GMT-0300 (Horário Padrão de Brasília),Thu Dec 04 2025 21:55:35 GMT-0300 (Horário Padrão de Brasília)
30896,unknown,,,,,,,,,,Thu Dec 04 2025 21:55:35 GMT-0300 (Horário Padrão de Brasília),Thu Dec 04 2025 21:55:35 GMT-0300 (Horário Padrão de Brasília)
30897,unknown,,,,,,,,,,Thu Dec 04 2025 21:55:35 GMT-0300 (Horário Padrão de Brasília),Thu Dec 04 2025 21:55:35 GMT-0300 (Horário Padrão de Brasília)
30898,unknown,,,,,,,,,,Thu Dec 04 2025 21:55:35 GMT-0300 (Horário Padrão de Brasília),Thu Dec 04 2025 21:55:35 GMT-0300 (Horário Padrão de Brasília)
30899,unknown,,,,,,,,,,Thu Dec 04 2025 21:55:35 GMT-0300 (Horário Padrão de Brasília),Thu Dec 04 2025 21:55:35 GMT-0300 (Horário Padrão de Brasília)
30900,unknown,,,,,,,,,,Thu Dec 04 2025 21:55:35 GMT-0300 (Horário Padrão de Brasília),Thu Dec 04 2025 21:55:35 GMT-0300 (Horário Padrão de Brasília)
30901,unknown,,,,,,,,,,Thu Dec 04 2025 21:55:35 GMT-0300 (Horário Padrão de Brasília),Thu Dec 04 2025 21:55:35 GMT-0300 (Horário Padrão de Brasília)
30902,unknown,,,,,,,,,,Thu Dec 04 2025 21:55:35 GMT-0300 (Horário Padrão de Brasília),Thu Dec 04 2025 21:55:35 GMT-0300 (Horário Padrão de Brasília)
30903,unknown,,,,,,,,,,Thu Dec 04 2025 21:55:35 GMT-0300 (Horário Padrão de Brasília),Thu Dec 04 2025 21:55:35 GMT-0300 (Horário Padrão de Brasília)
30904,unknown,,,,,,,,,,Thu Dec 04 2025 21:55:35 GMT-0300 (Horário Padrão de Brasília),Thu Dec 04 2025 21:55:35 GMT-0300 (Horário Padrão de Brasília)
30905,unknown,,,,,,,,,,Thu Dec 04 2025 21:55:35 GMT-0300 (Horário Padrão de Brasília),Thu Dec 04 2025 21:55:35 GMT-0300 (Horário Padrão de Brasília)
30906,unknown,,,,,,,,,,Thu Dec 04 2025 21:55:35 GMT-0300 (Horário Padrão de Brasília),Thu Dec 04 2025 21:55:35 GMT-0300 (Horário Padrão de Brasília)
30979,unknown,AHomesteadShoppe,,,,,,,,,Thu Dec 04 2025 21:55:35 GMT-0300 (Horário Padrão de Brasília),Thu Dec 04 2025 21:55:35 GMT-0300 (Horário Padrão de Brasília)
30930,unknown,,,,,,,,,,Thu Dec 04 2025 21:55:35 GMT-0300 (Horário Padrão de Brasília),Thu Dec 04 2025 21:55:35 GMT-0300 (Horário Padrão de Brasília)
30931,unknown,,,,,,,,,,Thu Dec 04 2025 21:55:35 GMT-0300 (Horário Padrão de Brasília),Thu Dec 04 2025 21:55:35 GMT-0300 (Horário Padrão de Brasília)
30932,unknown,,,,,,,,,,Thu Dec 04 2025 21:55:35 GMT-0300 (Horário Padrão de Brasília),Thu Dec 04 2025 21:55:35 GMT-0300 (Horário Padrão de Brasília)
30933,unknown,,,,,,,,,,Thu Dec 04 2025 21:55:35 GMT-0300 (Horário Padrão de Brasília),Thu Dec 04 2025 21:55:35 GMT-0300 (Horário Padrão de Brasília)
30934,unknown,,,,,,,,,,Thu Dec 04 2025 21:55:35 GMT-0300 (Horário Padrão de Brasília),Thu Dec 04 2025 21:55:35 GMT-0300 (Horário Padrão de Brasília)
30935,unknown,,,,,,,,,,Thu Dec 04 2025 21:55:35 GMT-0300 (Horário Padrão de Brasília),Thu Dec 04 2025 21:55:35 GMT-0300 (Horário Padrão de Brasília)
30936,unknown,,,,,,,,,,Thu Dec 04 2025 21:55:35 GMT-0300 (Horário Padrão de Brasília),Thu Dec 04 2025 21:55:35 GMT-0300 (Horário Padrão de Brasília)
30937,unknown,,,,,,,,,,Thu Dec 04 2025 21:55:35 GMT-0300 (Horário Padrão de Brasília),Thu Dec 04 2025 21:55:35 GMT-0300 (Horário Padrão de Brasília)
30938,unknown,,,,,,,,,,Thu Dec 04 2025 21:55:35 GMT-0300 (Horário Padrão de Brasília),Thu Dec 04 2025 21:55:35 GMT-0300 (Horário Padrão de Brasília)
30939,unknown,,,,,,,,,,Thu Dec 04 2025 21:55:35 GMT-0300 (Horário Padrão de Brasília),Thu Dec 04 2025 21:55:35 GMT-0300 (Horário Padrão de Brasília)
30940,unknown,,,,,,,,,,Thu Dec 04 2025 21:55:35 GMT-0300 (Horário Padrão de Brasília),Thu Dec 04 2025 21:55:35 GMT-0300 (Horário Padrão de Brasília)
30941,unknown,,,,,,,,,,Thu Dec 04 2025 21:55:35 GMT-0300 (Horário Padrão de Brasília),Thu Dec 04 2025 21:55:35 GMT-0300 (Horário Padrão de Brasília)
30942,unknown,,,,,,,,,,Thu Dec 04 2025 21:55:35 GMT-0300 (Horário Padrão de Brasília),Thu Dec 04 2025 21:55:35 GMT-0300 (Horário Padrão de Brasília)
30943,unknown,,,,,,,,,,Thu Dec 04 2025 21:55:35 GMT-0300 (Horário Padrão de Brasília),Thu Dec 04 2025 21:55:35 GMT-0300 (Horário Padrão de Brasília)
30944,unknown,,,,,,,,,,Thu Dec 04 2025 21:55:35 GMT-0300 (Horário Padrão de Brasília),Thu Dec 04 2025 21:55:35 GMT-0300 (Horário Padrão de Brasília)
30945,unknown,,,,,,,,,,Thu Dec 04 2025 21:55:35 GMT-0300 (Horário Padrão de Brasília),Thu Dec 04 2025 21:55:35 GMT-0300 (Horário Padrão de Brasília)
30946,unknown,,,,,,,,,,Thu Dec 04 2025 21:55:35 GMT-0300 (Horário Padrão de Brasília),Thu Dec 04 2025 21:55:35 GMT-0300 (Horário Padrão de Brasília)
30947,unknown,,,,,,,,,,Thu Dec 04 2025 21:55:35 GMT-0300 (Horário Padrão de Brasília),Thu Dec 04 2025 21:55:35 GMT-0300 (Horário Padrão de Brasília)
30948,unknown,,,,,,,,,,Thu Dec 04 2025 21:55:35 GMT-0300 (Horário Padrão de Brasília),Thu Dec 04 2025 21:55:35 GMT-0300 (Horário Padrão de Brasília)
30949,unknown,,,,,,,,,,Thu Dec 04 2025 21:55:35 GMT-0300 (Horário Padrão de Brasília),Thu Dec 04 2025 21:55:35 GMT-0300 (Horário Padrão de Brasília)
30950,unknown,,,,,,,,,,Thu Dec 04 2025 21:55:35 GMT-0300 (Horário Padrão de Brasília),Thu Dec 04 2025 21:55:35 GMT-0300 (Horário Padrão de Brasília)
30951,unknown,,,,,,,,,,Thu Dec 04 2025 21:55:35 GMT-0300 (Horário Padrão de Brasília),Thu Dec 04 2025 21:55:35 GMT-0300 (Horário Padrão de Brasília)
30952,unknown,,,,,,,,,,Thu Dec 04 2025 21:55:35 GMT-0300 (Horário Padrão de Brasília),Thu Dec 04 2025 21:55:35 GMT-0300 (Horário Padrão de Brasília)
30953,unknown,,,,,,,,,,Thu Dec 04 2025 21:55:35 GMT-0300 (Horário Padrão de Brasília),Thu Dec 04 2025 21:55:35 GMT-0300 (Horário Padrão de Brasília)
30954,unknown,,,,,,,,,,Thu Dec 04 2025 21:55:35 GMT-0300 (Horário Padrão de Brasília),Thu Dec 04 2025 21:55:35 GMT-0300 (Horário Padrão de Brasília)
30955,unknown,,,,,,,,,,Thu Dec 04 2025 21:55:35 GMT-0300 (Horário Padrão de Brasília),Thu Dec 04 2025 21:55:35 GMT-0300 (Horário Padrão de Brasília)
30956,unknown,,,,,,,,,,Thu Dec 04 2025 21:55:35 GMT-0300 (Horário Padrão de Brasília),Thu Dec 04 2025 21:55:35 GMT-0300 (Horário Padrão de Brasília)
30957,unknown,,,,,,,,,,Thu Dec 04 2025 21:55:35 GMT-0300 (Horário Padrão de Brasília),Thu Dec 04 2025 21:55:35 GMT-0300 (Horário Padrão de Brasília)
30958,unknown,,,,,,,,,,Thu Dec 04 2025 21:55:35 GMT-0300 (Horário Padrão de Brasília),Thu Dec 04 2025 21:55:35 GMT-0300 (Horário Padrão de Brasília)
30959,unknown,,,,,,,,,,Thu Dec 04 2025 21:55:35 GMT-0300 (Horário Padrão de Brasília),Thu Dec 04 2025 21:55:35 GMT-0300 (Horário Padrão de Brasília)
30960,unknown,,,,,,,,,,Thu Dec 04 2025 21:55:35 GMT-0300 (Horário Padrão de Brasília),Thu Dec 04 2025 21:55:35 GMT-0300 (Horário Padrão de Brasília)
30961,unknown,,,,,,,,,,Thu Dec 04 2025 21:55:35 GMT-0300 (Horário Padrão de Brasília),Thu Dec 04 2025 21:55:35 GMT-0300 (Horário Padrão de Brasília)
30962,unknown,,,,,,,,,,Thu Dec 04 2025 21:55:35 GMT-0300 (Horário Padrão de Brasília),Thu Dec 04 2025 21:55:35 GMT-0300 (Horário Padrão de Brasília)
30963,unknown,,,,,,,,,,Thu Dec 04 2025 21:55:35 GMT-0300 (Horário Padrão de Brasília),Thu Dec 04 2025 21:55:35 GMT-0300 (Horário Padrão de Brasília)
30964,unknown,,,,,,,,,,Thu Dec 04 2025 21:55:35 GMT-0300 (Horário Padrão de Brasília),Thu Dec 04 2025 21:55:35 GMT-0300 (Horário Padrão de Brasília)
30965,unknown,,,,,,,,,,Thu Dec 04 2025 21:55:35 GMT-0300 (Horário Padrão de Brasília),Thu Dec 04 2025 21:55:35 GMT-0300 (Horário Padrão de Brasília)
30966,unknown,,,,,,,,,,Thu Dec 04 2025 21:55:35 GMT-0300 (Horário Padrão de Brasília),Thu Dec 04 2025 21:55:35 GMT-0300 (Horário Padrão de Brasília)
30967,unknown,,,,,,,,,,Thu Dec 04 2025 21:55:35 GMT-0300 (Horário Padrão de Brasília),Thu Dec 04 2025 21:55:35 GMT-0300 (Horário Padrão de Brasília)
30968,unknown,,,,,,,,,,Thu Dec 04 2025 21:55:35 GMT-0300 (Horário Padrão de Brasília),Thu Dec 04 2025 21:55:35 GMT-0300 (Horário Padrão de Brasília)
30969,unknown,,,,,,,,,,Thu Dec 04 2025 21:55:35 GMT-0300 (Horário Padrão de Brasília),Thu Dec 04 2025 21:55:35 GMT-0300 (Horário Padrão de Brasília)
30970,unknown,,,,,,,,,,Thu Dec 04 2025 21:55:35 GMT-0300 (Horário Padrão de Brasília),Thu Dec 04 2025 21:55:35 GMT-0300 (Horário Padrão de Brasília)
30971,unknown,26 California,,,,,,,,,Thu Dec 04 2025 21:55:35 GMT-0300 (Horário Padrão de Brasília),Thu Dec 04 2025 21:55:35 GMT-0300 (Horário Padrão de Brasília)
30972,unknown,3-D PUZZLE PLACE,,,,,,,,,Thu Dec 04 2025 21:55:35 GMT-0300 (Horário Padrão de Brasília),Thu Dec 04 2025 21:55:35 GMT-0300 (Horário Padrão de Brasília)
30973,unknown,4AcesImport,,,,,,,,,Thu Dec 04 2025 21:55:35 GMT-0300 (Horário Padrão de Brasília),Thu Dec 04 2025 21:55:35 GMT-0300 (Horário Padrão de Brasília)
30974,unknown,4SeasonsGeneralMerchandise,,,,,,,,,Thu Dec 04 2025 21:55:35 GMT-0300 (Horário Padrão de Brasília),Thu Dec 04 2025 21:55:35 GMT-0300 (Horário Padrão de Brasília)
30975,unknown,AAAAnime,,,,,,,,,Thu Dec 04 2025 21:55:35 GMT-0300 (Horário Padrão de Brasília),Thu Dec 04 2025 21:55:35 GMT-0300 (Horário Padrão de Brasília)
30980,unknown,AJ Wholesale,,,,,,,,,Thu Dec 04 2025 21:55:35 GMT-0300 (Horário Padrão de Brasília),Thu Dec 04 2025 21:55:35 GMT-0300 (Horário Padrão de Brasília)
30976,unknown,ABCTrading,,,,,,,,,Thu Dec 04 2025 21:55:35 GMT-0300 (Horário Padrão de Brasília),Thu Dec 04 2025 21:55:35 GMT-0300 (Horário Padrão de Brasília)
30977,unknown,ACD Distribution,,,,,,,,,Thu Dec 04 2025 21:55:35 GMT-0300 (Horário Padrão de Brasília),Thu Dec 04 2025 21:55:35 GMT-0300 (Horário Padrão de Brasília)
31111,unknown,King Wholesale,,,,,,,,,Thu Dec 04 2025 21:55:35 GMT-0300 (Horário Padrão de Brasília),Thu Dec 04 2025 21:55:35 GMT-0300 (Horário Padrão de Brasília)
31112,unknown,Kiwi China Imports,,,,,,,,,Thu Dec 04 2025 21:55:35 GMT-0300 (Horário Padrão de Brasília),Thu Dec 04 2025 21:55:35 GMT-0300 (Horário Padrão de Brasília)
31143,unknown,OKKToys,,,,,,,,,Thu Dec 04 2025 21:55:35 GMT-0300 (Horário Padrão de Brasília),Thu Dec 04 2025 21:55:35 GMT-0300 (Horário Padrão de Brasília)
31241,unknown,,,,,,,,,,Thu Dec 04 2025 21:55:36 GMT-0300 (Horário Padrão de Brasília),Thu Dec 04 2025 21:55:36 GMT-0300 (Horário Padrão de Brasília)
31242,unknown,,,,,,,,,,Thu Dec 04 2025 21:55:36 GMT-0300 (Horário Padrão de Brasília),Thu Dec 04 2025 21:55:36 GMT-0300 (Horário Padrão de Brasília)
31243,unknown,,,,,,,,,,Thu Dec 04 2025 21:55:36 GMT-0300 (Horário Padrão de Brasília),Thu Dec 04 2025 21:55:36 GMT-0300 (Horário Padrão de Brasília)
31244,unknown,,,,,,,,,,Thu Dec 04 2025 21:55:36 GMT-0300 (Horário Padrão de Brasília),Thu Dec 04 2025 21:55:36 GMT-0300 (Horário Padrão de Brasília)
31245,unknown,,,,,,,,,,Thu Dec 04 2025 21:55:36 GMT-0300 (Horário Padrão de Brasília),Thu Dec 04 2025 21:55:36 GMT-0300 (Horário Padrão de Brasília)
31246,unknown,,,,,,,,,,Thu Dec 04 2025 21:55:36 GMT-0300 (Horário Padrão de Brasília),Thu Dec 04 2025 21:55:36 GMT-0300 (Horário Padrão de Brasília)
31247,unknown,OKK Toys,,,,,,,,,Thu Dec 04 2025 21:55:36 GMT-0300 (Horário Padrão de Brasília),Thu Dec 04 2025 21:55:36 GMT-0300 (Horário Padrão de Brasília)
31248,unknown,,,,,,,,,,Thu Dec 04 2025 21:55:36 GMT-0300 (Horário Padrão de Brasília),Thu Dec 04 2025 21:55:36 GMT-0300 (Horário Padrão de Brasília)
31249,unknown,,,,,,,,,,Thu Dec 04 2025 21:55:36 GMT-0300 (Horário Padrão de Brasília),Thu Dec 04 2025 21:55:36 GMT-0300 (Horário Padrão de Brasília)
31250,unknown,,,,,,,,,,Thu Dec 04 2025 21:55:36 GMT-0300 (Horário Padrão de Brasília),Thu Dec 04 2025 21:55:36 GMT-0300 (Horário Padrão de Brasília)
31113,unknown,KMScloseouts.com,,,,,,,,,Thu Dec 04 2025 21:55:35 GMT-0300 (Horário Padrão de Brasília),Thu Dec 04 2025 21:55:35 GMT-0300 (Horário Padrão de Brasília)
31114,unknown,KoleImports,,,,,,,,,Thu Dec 04 2025 21:55:35 GMT-0300 (Horário Padrão de Brasília),Thu Dec 04 2025 21:55:35 GMT-0300 (Horário Padrão de Brasília)
31251,unknown,,,,,,,,,,Thu Dec 04 2025 21:55:36 GMT-0300 (Horário Padrão de Brasília),Thu Dec 04 2025 21:55:36 GMT-0300 (Horário Padrão de Brasília)
31252,unknown,,,,,,,,,,Thu Dec 04 2025 21:55:36 GMT-0300 (Horário Padrão de Brasília),Thu Dec 04 2025 21:55:36 GMT-0300 (Horário Padrão de Brasília)
31253,unknown,,,,,,,,,,Thu Dec 04 2025 21:55:36 GMT-0300 (Horário Padrão de Brasília),Thu Dec 04 2025 21:55:36 GMT-0300 (Horário Padrão de Brasília)
31254,unknown,,,,,,,,,,Thu Dec 04 2025 21:55:36 GMT-0300 (Horário Padrão de Brasília),Thu Dec 04 2025 21:55:36 GMT-0300 (Horário Padrão de Brasília)
31115,unknown,Kreative Kids,,,,,,,,,Thu Dec 04 2025 21:55:35 GMT-0300 (Horário Padrão de Brasília),Thu Dec 04 2025 21:55:35 GMT-0300 (Horário Padrão de Brasília)
31255,unknown,,,,,,,,,,Thu Dec 04 2025 21:55:36 GMT-0300 (Horário Padrão de Brasília),Thu Dec 04 2025 21:55:36 GMT-0300 (Horário Padrão de Brasília)
31116,unknown,LaBelleDistributorsINC,,,,,,,,,Thu Dec 04 2025 21:55:35 GMT-0300 (Horário Padrão de Brasília),Thu Dec 04 2025 21:55:35 GMT-0300 (Horário Padrão de Brasília)
30978,unknown,AeroTrading,,,,,,,,,Thu Dec 04 2025 21:55:35 GMT-0300 (Horário Padrão de Brasília),Thu Dec 04 2025 21:55:35 GMT-0300 (Horário Padrão de Brasília)
31117,unknown,LeeMarPet,,,,,,,,,Thu Dec 04 2025 21:55:35 GMT-0300 (Horário Padrão de Brasília),Thu Dec 04 2025 21:55:35 GMT-0300 (Horário Padrão de Brasília)
30907,unknown,,,,,,,,,,Thu Dec 04 2025 21:55:35 GMT-0300 (Horário Padrão de Brasília),Thu Dec 04 2025 21:55:35 GMT-0300 (Horário Padrão de Brasília)
30908,unknown,,,,,,,,,,Thu Dec 04 2025 21:55:35 GMT-0300 (Horário Padrão de Brasília),Thu Dec 04 2025 21:55:35 GMT-0300 (Horário Padrão de Brasília)
30909,unknown,,,,,,,,,,Thu Dec 04 2025 21:55:35 GMT-0300 (Horário Padrão de Brasília),Thu Dec 04 2025 21:55:35 GMT-0300 (Horário Padrão de Brasília)
30910,unknown,,,,,,,,,,Thu Dec 04 2025 21:55:35 GMT-0300 (Horário Padrão de Brasília),Thu Dec 04 2025 21:55:35 GMT-0300 (Horário Padrão de Brasília)
30911,unknown,,,,,,,,,,Thu Dec 04 2025 21:55:35 GMT-0300 (Horário Padrão de Brasília),Thu Dec 04 2025 21:55:35 GMT-0300 (Horário Padrão de Brasília)
30912,unknown,,,,,,,,,,Thu Dec 04 2025 21:55:35 GMT-0300 (Horário Padrão de Brasília),Thu Dec 04 2025 21:55:35 GMT-0300 (Horário Padrão de Brasília)
30913,unknown,,,,,,,,,,Thu Dec 04 2025 21:55:35 GMT-0300 (Horário Padrão de Brasília),Thu Dec 04 2025 21:55:35 GMT-0300 (Horário Padrão de Brasília)
30914,unknown,,,,,,,,,,Thu Dec 04 2025 21:55:35 GMT-0300 (Horário Padrão de Brasília),Thu Dec 04 2025 21:55:35 GMT-0300 (Horário Padrão de Brasília)
30915,unknown,,,,,,,,,,Thu Dec 04 2025 21:55:35 GMT-0300 (Horário Padrão de Brasília),Thu Dec 04 2025 21:55:35 GMT-0300 (Horário Padrão de Brasília)
30916,unknown,,,,,,,,,,Thu Dec 04 2025 21:55:35 GMT-0300 (Horário Padrão de Brasília),Thu Dec 04 2025 21:55:35 GMT-0300 (Horário Padrão de Brasília)
30917,unknown,,,,,,,,,,Thu Dec 04 2025 21:55:35 GMT-0300 (Horário Padrão de Brasília),Thu Dec 04 2025 21:55:35 GMT-0300 (Horário Padrão de Brasília)
30918,unknown,,,,,,,,,,Thu Dec 04 2025 21:55:35 GMT-0300 (Horário Padrão de Brasília),Thu Dec 04 2025 21:55:35 GMT-0300 (Horário Padrão de Brasília)
30919,unknown,,,,,,,,,,Thu Dec 04 2025 21:55:35 GMT-0300 (Horário Padrão de Brasília),Thu Dec 04 2025 21:55:35 GMT-0300 (Horário Padrão de Brasília)
30920,unknown,,,,,,,,,,Thu Dec 04 2025 21:55:35 GMT-0300 (Horário Padrão de Brasília),Thu Dec 04 2025 21:55:35 GMT-0300 (Horário Padrão de Brasília)
30921,unknown,,,,,,,,,,Thu Dec 04 2025 21:55:35 GMT-0300 (Horário Padrão de Brasília),Thu Dec 04 2025 21:55:35 GMT-0300 (Horário Padrão de Brasília)
30922,unknown,,,,,,,,,,Thu Dec 04 2025 21:55:35 GMT-0300 (Horário Padrão de Brasília),Thu Dec 04 2025 21:55:35 GMT-0300 (Horário Padrão de Brasília)
30923,unknown,,,,,,,,,,Thu Dec 04 2025 21:55:35 GMT-0300 (Horário Padrão de Brasília),Thu Dec 04 2025 21:55:35 GMT-0300 (Horário Padrão de Brasília)
30924,unknown,,,,,,,,,,Thu Dec 04 2025 21:55:35 GMT-0300 (Horário Padrão de Brasília),Thu Dec 04 2025 21:55:35 GMT-0300 (Horário Padrão de Brasília)
30925,unknown,,,,,,,,,,Thu Dec 04 2025 21:55:35 GMT-0300 (Horário Padrão de Brasília),Thu Dec 04 2025 21:55:35 GMT-0300 (Horário Padrão de Brasília)
30926,unknown,,,,,,,,,,Thu Dec 04 2025 21:55:35 GMT-0300 (Horário Padrão de Brasília),Thu Dec 04 2025 21:55:35 GMT-0300 (Horário Padrão de Brasília)
30927,unknown,,,,,,,,,,Thu Dec 04 2025 21:55:35 GMT-0300 (Horário Padrão de Brasília),Thu Dec 04 2025 21:55:35 GMT-0300 (Horário Padrão de Brasília)
30928,unknown,,,,,,,,,,Thu Dec 04 2025 21:55:35 GMT-0300 (Horário Padrão de Brasília),Thu Dec 04 2025 21:55:35 GMT-0300 (Horário Padrão de Brasília)
30929,unknown,,,,,,,,,,Thu Dec 04 2025 21:55:35 GMT-0300 (Horário Padrão de Brasília),Thu Dec 04 2025 21:55:35 GMT-0300 (Horário Padrão de Brasília)
30981,unknown,AllianceEntertainment,,,,,,,,,Thu Dec 04 2025 21:55:35 GMT-0300 (Horário Padrão de Brasília),Thu Dec 04 2025 21:55:35 GMT-0300 (Horário Padrão de Brasília)
30982,unknown,Alliance Game Distributors,,,,,,,,,Thu Dec 04 2025 21:55:35 GMT-0300 (Horário Padrão de Brasília),Thu Dec 04 2025 21:55:35 GMT-0300 (Horário Padrão de Brasília)
30983,unknown,AlpineNetCorp,,,,,,,,,Thu Dec 04 2025 21:55:35 GMT-0300 (Horário Padrão de Brasília),Thu Dec 04 2025 21:55:35 GMT-0300 (Horário Padrão de Brasília)
30984,unknown,Ambar Distributors,,,,,,,,,Thu Dec 04 2025 21:55:35 GMT-0300 (Horário Padrão de Brasília),Thu Dec 04 2025 21:55:35 GMT-0300 (Horário Padrão de Brasília)
30985,unknown,American Classic Toy,,,,,,,,,Thu Dec 04 2025 21:55:35 GMT-0300 (Horário Padrão de Brasília),Thu Dec 04 2025 21:55:35 GMT-0300 (Horário Padrão de Brasília)
30986,unknown,American Crafts,,,,,,,,,Thu Dec 04 2025 21:55:35 GMT-0300 (Horário Padrão de Brasília),Thu Dec 04 2025 21:55:35 GMT-0300 (Horário Padrão de Brasília)
30987,unknown,American Plastic Equipment INC,,,,,,,,,Thu Dec 04 2025 21:55:35 GMT-0300 (Horário Padrão de Brasília),Thu Dec 04 2025 21:55:35 GMT-0300 (Horário Padrão de Brasília)
30988,unknown,AmishFarmsSoap,,,,,,,,,Thu Dec 04 2025 21:55:35 GMT-0300 (Horário Padrão de Brasília),Thu Dec 04 2025 21:55:35 GMT-0300 (Horário Padrão de Brasília)
30989,unknown,Amscan,,,,,,,,,Thu Dec 04 2025 21:55:35 GMT-0300 (Horário Padrão de Brasília),Thu Dec 04 2025 21:55:35 GMT-0300 (Horário Padrão de Brasília)
30990,unknown,Anico International Inc,,,,,,,,,Thu Dec 04 2025 21:55:35 GMT-0300 (Horário Padrão de Brasília),Thu Dec 04 2025 21:55:35 GMT-0300 (Horário Padrão de Brasília)
30991,unknown,Anima International Corporation,,,,,,,,,Thu Dec 04 2025 21:55:35 GMT-0300 (Horário Padrão de Brasília),Thu Dec 04 2025 21:55:35 GMT-0300 (Horário Padrão de Brasília)
30992,unknown,Anton International Inc.,,,,,,,,,Thu Dec 04 2025 21:55:35 GMT-0300 (Horário Padrão de Brasília),Thu Dec 04 2025 21:55:35 GMT-0300 (Horário Padrão de Brasília)
30993,unknown,Apparel Candy,,,,,,,,,Thu Dec 04 2025 21:55:35 GMT-0300 (Horário Padrão de Brasília),Thu Dec 04 2025 21:55:35 GMT-0300 (Horário Padrão de Brasília)
30994,unknown,Archie McPhee Wholesale,,,,,,,,,Thu Dec 04 2025 21:55:35 GMT-0300 (Horário Padrão de Brasília),Thu Dec 04 2025 21:55:35 GMT-0300 (Horário Padrão de Brasília)
30995,unknown,ArtoyTrading,,,,,,,,,Thu Dec 04 2025 21:55:35 GMT-0300 (Horário Padrão de Brasília),Thu Dec 04 2025 21:55:35 GMT-0300 (Horário Padrão de Brasília)
30996,unknown,Asia Pacific Trading Company,,,,,,,,,Thu Dec 04 2025 21:55:35 GMT-0300 (Horário Padrão de Brasília),Thu Dec 04 2025 21:55:35 GMT-0300 (Horário Padrão de Brasília)
30997,unknown,AspenBayCandles,,,,,,,,,Thu Dec 04 2025 21:55:35 GMT-0300 (Horário Padrão de Brasília),Thu Dec 04 2025 21:55:35 GMT-0300 (Horário Padrão de Brasília)
30998,unknown,Asset Liquidations,,,,,,,,,Thu Dec 04 2025 21:55:35 GMT-0300 (Horário Padrão de Brasília),Thu Dec 04 2025 21:55:35 GMT-0300 (Horário Padrão de Brasília)
30999,unknown,AxiomInternational,,,,,,,,,Thu Dec 04 2025 21:55:35 GMT-0300 (Horário Padrão de Brasília),Thu Dec 04 2025 21:55:35 GMT-0300 (Horário Padrão de Brasília)
31000,unknown,Bangalla,,,,,,,,,Thu Dec 04 2025 21:55:35 GMT-0300 (Horário Padrão de Brasília),Thu Dec 04 2025 21:55:35 GMT-0300 (Horário Padrão de Brasília)
31001,unknown,BBCW,,,,,,,,,Thu Dec 04 2025 21:55:35 GMT-0300 (Horário Padrão de Brasília),Thu Dec 04 2025 21:55:35 GMT-0300 (Horário Padrão de Brasília)
31002,unknown,BCW,,,,,,,,,Thu Dec 04 2025 21:55:35 GMT-0300 (Horário Padrão de Brasília),Thu Dec 04 2025 21:55:35 GMT-0300 (Horário Padrão de Brasília)
31003,unknown,Beistle,,,,,,,,,Thu Dec 04 2025 21:55:35 GMT-0300 (Horário Padrão de Brasília),Thu Dec 04 2025 21:55:35 GMT-0300 (Horário Padrão de Brasília)
31004,unknown,Belle Wholesale,,,,,,,,,Thu Dec 04 2025 21:55:35 GMT-0300 (Horário Padrão de Brasília),Thu Dec 04 2025 21:55:35 GMT-0300 (Horário Padrão de Brasília)
31005,unknown,BestpricePallet,,,,,,,,,Thu Dec 04 2025 21:55:35 GMT-0300 (Horário Padrão de Brasília),Thu Dec 04 2025 21:55:35 GMT-0300 (Horário Padrão de Brasília)
31006,unknown,BetaniWholesale,,,,,,,,,Thu Dec 04 2025 21:55:35 GMT-0300 (Horário Padrão de Brasília),Thu Dec 04 2025 21:55:35 GMT-0300 (Horário Padrão de Brasília)
31007,unknown,Big Lots,,,,,,,,,Thu Dec 04 2025 21:55:35 GMT-0300 (Horário Padrão de Brasília),Thu Dec 04 2025 21:55:35 GMT-0300 (Horário Padrão de Brasília)
31008,unknown,BigBrandWholesale,,,,,,,,,Thu Dec 04 2025 21:55:35 GMT-0300 (Horário Padrão de Brasília),Thu Dec 04 2025 21:55:35 GMT-0300 (Horário Padrão de Brasília)
31009,unknown,BossPetedge,,,,,,,,,Thu Dec 04 2025 21:55:35 GMT-0300 (Horário Padrão de Brasília),Thu Dec 04 2025 21:55:35 GMT-0300 (Horário Padrão de Brasília)
31010,unknown,BULQ,,,,,,,,,Thu Dec 04 2025 21:55:35 GMT-0300 (Horário Padrão de Brasília),Thu Dec 04 2025 21:55:35 GMT-0300 (Horário Padrão de Brasília)
31011,unknown,Bulk Office supply,,,,,,,,,Thu Dec 04 2025 21:55:35 GMT-0300 (Horário Padrão de Brasília),Thu Dec 04 2025 21:55:35 GMT-0300 (Horário Padrão de Brasília)
31012,unknown,Burton&Burton,,,,,,,,,Thu Dec 04 2025 21:55:35 GMT-0300 (Horário Padrão de Brasília),Thu Dec 04 2025 21:55:35 GMT-0300 (Horário Padrão de Brasília)
31013,unknown,CALA,,,,,,,,,Thu Dec 04 2025 21:55:35 GMT-0300 (Horário Padrão de Brasília),Thu Dec 04 2025 21:55:35 GMT-0300 (Horário Padrão de Brasília)
31014,unknown,Camacho Coffee,,,,,,,,,Thu Dec 04 2025 21:55:35 GMT-0300 (Horário Padrão de Brasília),Thu Dec 04 2025 21:55:35 GMT-0300 (Horário Padrão de Brasília)
31015,unknown,CandyConcepts,,,,,,,,,Thu Dec 04 2025 21:55:35 GMT-0300 (Horário Padrão de Brasília),Thu Dec 04 2025 21:55:35 GMT-0300 (Horário Padrão de Brasília)
31016,unknown,CavaTVProducts,,,,,,,,,Thu Dec 04 2025 21:55:35 GMT-0300 (Horário Padrão de Brasília),Thu Dec 04 2025 21:55:35 GMT-0300 (Horário Padrão de Brasília)
31017,unknown,CB Flowers & Crafts,,,,,,,,,Thu Dec 04 2025 21:55:35 GMT-0300 (Horário Padrão de Brasília),Thu Dec 04 2025 21:55:35 GMT-0300 (Horário Padrão de Brasília)
31018,unknown,CC Wholesale Clothing,,,,,,,,,Thu Dec 04 2025 21:55:35 GMT-0300 (Horário Padrão de Brasília),Thu Dec 04 2025 21:55:35 GMT-0300 (Horário Padrão de Brasília)
31019,unknown,Columbus Closeouts LTD,,,,,,,,,Thu Dec 04 2025 21:55:35 GMT-0300 (Horário Padrão de Brasília),Thu Dec 04 2025 21:55:35 GMT-0300 (Horário Padrão de Brasília)
31020,unknown,Cool City Trading,,,,,,,,,Thu Dec 04 2025 21:55:35 GMT-0300 (Horário Padrão de Brasília),Thu Dec 04 2025 21:55:35 GMT-0300 (Horário Padrão de Brasília)
31021,unknown,CoolGlowNovelties,,,,,,,,,Thu Dec 04 2025 21:55:35 GMT-0300 (Horário Padrão de Brasília),Thu Dec 04 2025 21:55:35 GMT-0300 (Horário Padrão de Brasília)
31022,unknown,CosmetixClub,,,,,,,,,Thu Dec 04 2025 21:55:35 GMT-0300 (Horário Padrão de Brasília),Thu Dec 04 2025 21:55:35 GMT-0300 (Horário Padrão de Brasília)
31023,unknown,Costless,,,,,,,,,Thu Dec 04 2025 21:55:35 GMT-0300 (Horário Padrão de Brasília),Thu Dec 04 2025 21:55:35 GMT-0300 (Horário Padrão de Brasília)
31024,unknown,Cota Global,,,,,,,,,Thu Dec 04 2025 21:55:35 GMT-0300 (Horário Padrão de Brasília),Thu Dec 04 2025 21:55:35 GMT-0300 (Horário Padrão de Brasília)
31025,unknown,Cotton Connection,,,,,,,,,Thu Dec 04 2025 21:55:35 GMT-0300 (Horário Padrão de Brasília),Thu Dec 04 2025 21:55:35 GMT-0300 (Horário Padrão de Brasília)
31026,unknown,Cousin DIY!,,,,,,,,,Thu Dec 04 2025 21:55:35 GMT-0300 (Horário Padrão de Brasília),Thu Dec 04 2025 21:55:35 GMT-0300 (Horário Padrão de Brasília)
31027,unknown,Creoate,,,,,,,,,Thu Dec 04 2025 21:55:35 GMT-0300 (Horário Padrão de Brasília),Thu Dec 04 2025 21:55:35 GMT-0300 (Horário Padrão de Brasília)
31028,unknown,CrystalPromotions,,,,,,,,,Thu Dec 04 2025 21:55:35 GMT-0300 (Horário Padrão de Brasília),Thu Dec 04 2025 21:55:35 GMT-0300 (Horário Padrão de Brasília)
31055,unknown,Enesco,,,,,,,,,Thu Dec 04 2025 21:55:35 GMT-0300 (Horário Padrão de Brasília),Thu Dec 04 2025 21:55:35 GMT-0300 (Horário Padrão de Brasília)
31029,unknown,CSSInc.,,,,,,,,,Thu Dec 04 2025 21:55:35 GMT-0300 (Horário Padrão de Brasília),Thu Dec 04 2025 21:55:35 GMT-0300 (Horário Padrão de Brasília)
31030,unknown,CTW Home Collection,,,,,,,,,Thu Dec 04 2025 21:55:35 GMT-0300 (Horário Padrão de Brasília),Thu Dec 04 2025 21:55:35 GMT-0300 (Horário Padrão de Brasília)
31031,unknown,D&D Distributing,,,,,,,,,Thu Dec 04 2025 21:55:35 GMT-0300 (Horário Padrão de Brasília),Thu Dec 04 2025 21:55:35 GMT-0300 (Horário Padrão de Brasília)
31032,unknown,Dallas Wholesale Company,,,,,,,,,Thu Dec 04 2025 21:55:35 GMT-0300 (Horário Padrão de Brasília),Thu Dec 04 2025 21:55:35 GMT-0300 (Horário Padrão de Brasília)
31033,unknown,DangChicks,,,,,,,,,Thu Dec 04 2025 21:55:35 GMT-0300 (Horário Padrão de Brasília),Thu Dec 04 2025 21:55:35 GMT-0300 (Horário Padrão de Brasília)
31034,unknown,Dara Inc USA,,,,,,,,,Thu Dec 04 2025 21:55:35 GMT-0300 (Horário Padrão de Brasília),Thu Dec 04 2025 21:55:35 GMT-0300 (Horário Padrão de Brasília)
31035,unknown,Darice,,,,,,,,,Thu Dec 04 2025 21:55:35 GMT-0300 (Horário Padrão de Brasília),Thu Dec 04 2025 21:55:35 GMT-0300 (Horário Padrão de Brasília)
31036,unknown,DBD Pets,,,,,,,,,Thu Dec 04 2025 21:55:35 GMT-0300 (Horário Padrão de Brasília),Thu Dec 04 2025 21:55:35 GMT-0300 (Horário Padrão de Brasília)
31037,unknown,Dennis East International Wholesale,,,,,,,,,Thu Dec 04 2025 21:55:35 GMT-0300 (Horário Padrão de Brasília),Thu Dec 04 2025 21:55:35 GMT-0300 (Horário Padrão de Brasília)
31038,unknown,Diamond Comics Distribution,,,,,,,,,Thu Dec 04 2025 21:55:35 GMT-0300 (Horário Padrão de Brasília),Thu Dec 04 2025 21:55:35 GMT-0300 (Horário Padrão de Brasília)
31039,unknown,Diecast Masters America,,,,,,,,,Thu Dec 04 2025 21:55:35 GMT-0300 (Horário Padrão de Brasília),Thu Dec 04 2025 21:55:35 GMT-0300 (Horário Padrão de Brasília)
31040,unknown,Direct Liquidation LLP,,,,,,,,,Thu Dec 04 2025 21:55:35 GMT-0300 (Horário Padrão de Brasília),Thu Dec 04 2025 21:55:35 GMT-0300 (Horário Padrão de Brasília)
31041,unknown,DiscountWholesalersInc.,,,,,,,,,Thu Dec 04 2025 21:55:35 GMT-0300 (Horário Padrão de Brasília),Thu Dec 04 2025 21:55:35 GMT-0300 (Horário Padrão de Brasília)
31042,unknown,DNCWholesale,,,,,,,,,Thu Dec 04 2025 21:55:35 GMT-0300 (Horário Padrão de Brasília),Thu Dec 04 2025 21:55:35 GMT-0300 (Horário Padrão de Brasília)
31043,unknown,DOG.com,,,,,,,,,Thu Dec 04 2025 21:55:35 GMT-0300 (Horário Padrão de Brasília),Thu Dec 04 2025 21:55:35 GMT-0300 (Horário Padrão de Brasília)
31044,unknown,Dog supplies,,,,,,,,,Thu Dec 04 2025 21:55:35 GMT-0300 (Horário Padrão de Brasília),Thu Dec 04 2025 21:55:35 GMT-0300 (Horário Padrão de Brasília)
31045,unknown,dollardays.com,,,,,,,,,Thu Dec 04 2025 21:55:35 GMT-0300 (Horário Padrão de Brasília),Thu Dec 04 2025 21:55:35 GMT-0300 (Horário Padrão de Brasília)
31046,unknown,DouglasToys,,,,,,,,,Thu Dec 04 2025 21:55:35 GMT-0300 (Horário Padrão de Brasília),Thu Dec 04 2025 21:55:35 GMT-0300 (Horário Padrão de Brasília)
31047,unknown,E&S Pets,,,,,,,,,Thu Dec 04 2025 21:55:35 GMT-0300 (Horário Padrão de Brasília),Thu Dec 04 2025 21:55:35 GMT-0300 (Horário Padrão de Brasília)
31048,unknown,EarthCreations,,,,,,,,,Thu Dec 04 2025 21:55:35 GMT-0300 (Horário Padrão de Brasília),Thu Dec 04 2025 21:55:35 GMT-0300 (Horário Padrão de Brasília)
31049,unknown,Ecom Wholesale Deals,,,,,,,,,Thu Dec 04 2025 21:55:35 GMT-0300 (Horário Padrão de Brasília),Thu Dec 04 2025 21:55:35 GMT-0300 (Horário Padrão de Brasília)
31050,unknown,EEDistribution,,,,,,,,,Thu Dec 04 2025 21:55:35 GMT-0300 (Horário Padrão de Brasília),Thu Dec 04 2025 21:55:35 GMT-0300 (Horário Padrão de Brasília)
31051,unknown,Elco Toy,,,,,,,,,Thu Dec 04 2025 21:55:35 GMT-0300 (Horário Padrão de Brasília),Thu Dec 04 2025 21:55:35 GMT-0300 (Horário Padrão de Brasília)
31052,unknown,Eldorado,,,,,,,,,Thu Dec 04 2025 21:55:35 GMT-0300 (Horário Padrão de Brasília),Thu Dec 04 2025 21:55:35 GMT-0300 (Horário Padrão de Brasília)
31053,unknown,Empire Distribution USA,,,,,,,,,Thu Dec 04 2025 21:55:35 GMT-0300 (Horário Padrão de Brasília),Thu Dec 04 2025 21:55:35 GMT-0300 (Horário Padrão de Brasília)
31054,unknown,EmpireDiscount,,,,,,,,,Thu Dec 04 2025 21:55:35 GMT-0300 (Horário Padrão de Brasília),Thu Dec 04 2025 21:55:35 GMT-0300 (Horário Padrão de Brasília)
31056,unknown,Entertainment trading,,,,,,,,,Thu Dec 04 2025 21:55:35 GMT-0300 (Horário Padrão de Brasília),Thu Dec 04 2025 21:55:35 GMT-0300 (Horário Padrão de Brasília)
31057,unknown,ErosWholesale,,,,,,,,,Thu Dec 04 2025 21:55:35 GMT-0300 (Horário Padrão de Brasília),Thu Dec 04 2025 21:55:35 GMT-0300 (Horário Padrão de Brasília)
31058,unknown,EscoImports,,,,,,,,,Thu Dec 04 2025 21:55:35 GMT-0300 (Horário Padrão de Brasília),Thu Dec 04 2025 21:55:35 GMT-0300 (Horário Padrão de Brasília)
31087,unknown,GroupSales,,,,,,,,,Thu Dec 04 2025 21:55:35 GMT-0300 (Horário Padrão de Brasília),Thu Dec 04 2025 21:55:35 GMT-0300 (Horário Padrão de Brasília)
31088,unknown,GTS Distribution,,,,,,,,,Thu Dec 04 2025 21:55:35 GMT-0300 (Horário Padrão de Brasília),Thu Dec 04 2025 21:55:35 GMT-0300 (Horário Padrão de Brasília)
31089,unknown,Gund,,,,,,,,,Thu Dec 04 2025 21:55:35 GMT-0300 (Horário Padrão de Brasília),Thu Dec 04 2025 21:55:35 GMT-0300 (Horário Padrão de Brasília)
31090,unknown,HDIWholesale,,,,,,,,,Thu Dec 04 2025 21:55:35 GMT-0300 (Horário Padrão de Brasília),Thu Dec 04 2025 21:55:35 GMT-0300 (Horário Padrão de Brasília)
31091,unknown,Horizon Group USA,,,,,,,,,Thu Dec 04 2025 21:55:35 GMT-0300 (Horário Padrão de Brasília),Thu Dec 04 2025 21:55:35 GMT-0300 (Horário Padrão de Brasília)
31092,unknown,Horizon’sMusic,,,,,,,,,Thu Dec 04 2025 21:55:35 GMT-0300 (Horário Padrão de Brasília),Thu Dec 04 2025 21:55:35 GMT-0300 (Horário Padrão de Brasília)
31093,unknown,http://emirimage.com/index.html,,,,,,,,,Thu Dec 04 2025 21:55:35 GMT-0300 (Horário Padrão de Brasília),Thu Dec 04 2025 21:55:35 GMT-0300 (Horário Padrão de Brasília)
31094,unknown,IMEX Model Co,,,,,,,,,Thu Dec 04 2025 21:55:35 GMT-0300 (Horário Padrão de Brasília),Thu Dec 04 2025 21:55:35 GMT-0300 (Horário Padrão de Brasília)
31095,unknown,InnexInc.,,,,,,,,,Thu Dec 04 2025 21:55:35 GMT-0300 (Horário Padrão de Brasília),Thu Dec 04 2025 21:55:35 GMT-0300 (Horário Padrão de Brasília)
31096,unknown,IslandDogDesign,,,,,,,,,Thu Dec 04 2025 21:55:35 GMT-0300 (Horário Padrão de Brasília),Thu Dec 04 2025 21:55:35 GMT-0300 (Horário Padrão de Brasília)
31097,unknown,J.MarcusWholesalers,,,,,,,,,Thu Dec 04 2025 21:55:35 GMT-0300 (Horário Padrão de Brasília),Thu Dec 04 2025 21:55:35 GMT-0300 (Horário Padrão de Brasília)
31098,unknown,Jakk’sPacific,,,,,,,,,Thu Dec 04 2025 21:55:35 GMT-0300 (Horário Padrão de Brasília),Thu Dec 04 2025 21:55:35 GMT-0300 (Horário Padrão de Brasília)
31099,unknown,Jam’NProducts,,,,,,,,,Thu Dec 04 2025 21:55:35 GMT-0300 (Horário Padrão de Brasília),Thu Dec 04 2025 21:55:35 GMT-0300 (Horário Padrão de Brasília)
31100,unknown,JARU,,,,,,,,,Thu Dec 04 2025 21:55:35 GMT-0300 (Horário Padrão de Brasília),Thu Dec 04 2025 21:55:35 GMT-0300 (Horário Padrão de Brasília)
31101,unknown,JBKTowelWorld,,,,,,,,,Thu Dec 04 2025 21:55:35 GMT-0300 (Horário Padrão de Brasília),Thu Dec 04 2025 21:55:35 GMT-0300 (Horário Padrão de Brasília)
31102,unknown,JBPet,,,,,,,,,Thu Dec 04 2025 21:55:35 GMT-0300 (Horário Padrão de Brasília),Thu Dec 04 2025 21:55:35 GMT-0300 (Horário Padrão de Brasília)
31103,unknown,JerryLeigh,,,,,,,,,Thu Dec 04 2025 21:55:35 GMT-0300 (Horário Padrão de Brasília),Thu Dec 04 2025 21:55:35 GMT-0300 (Horário Padrão de Brasília)
31104,unknown,John Hansen Gilft & Toy Company,,,,,,,,,Thu Dec 04 2025 21:55:35 GMT-0300 (Horário Padrão de Brasília),Thu Dec 04 2025 21:55:35 GMT-0300 (Horário Padrão de Brasília)
31105,unknown,JOISSU PRODUCTS INC,,,,,,,,,Thu Dec 04 2025 21:55:35 GMT-0300 (Horário Padrão de Brasília),Thu Dec 04 2025 21:55:35 GMT-0300 (Horário Padrão de Brasília)
31106,unknown,Judson&Company,,,,,,,,,Thu Dec 04 2025 21:55:35 GMT-0300 (Horário Padrão de Brasília),Thu Dec 04 2025 21:55:35 GMT-0300 (Horário Padrão de Brasília)
31107,unknown,KalanLP,,,,,,,,,Thu Dec 04 2025 21:55:35 GMT-0300 (Horário Padrão de Brasília),Thu Dec 04 2025 21:55:35 GMT-0300 (Horário Padrão de Brasília)
31108,unknown,KCPWholesale,,,,,,,,,Thu Dec 04 2025 21:55:35 GMT-0300 (Horário Padrão de Brasília),Thu Dec 04 2025 21:55:35 GMT-0300 (Horário Padrão de Brasília)
31109,unknown,Kelli’sGifts,,,,,,,,,Thu Dec 04 2025 21:55:35 GMT-0300 (Horário Padrão de Brasília),Thu Dec 04 2025 21:55:35 GMT-0300 (Horário Padrão de Brasília)
31110,unknown,Kids Preferred,,,,,,,,,Thu Dec 04 2025 21:55:35 GMT-0300 (Horário Padrão de Brasília),Thu Dec 04 2025 21:55:35 GMT-0300 (Horário Padrão de Brasília)
31144,unknown,Oriental Trading,,,,,,,,,Thu Dec 04 2025 21:55:35 GMT-0300 (Horário Padrão de Brasília),Thu Dec 04 2025 21:55:35 GMT-0300 (Horário Padrão de Brasília)
31145,unknown,PA Distribution,,,,,,,,,Thu Dec 04 2025 21:55:35 GMT-0300 (Horário Padrão de Brasília),Thu Dec 04 2025 21:55:35 GMT-0300 (Horário Padrão de Brasília)
31146,unknown,PacificToys,,,,,,,,,Thu Dec 04 2025 21:55:35 GMT-0300 (Horário Padrão de Brasília),Thu Dec 04 2025 21:55:35 GMT-0300 (Horário Padrão de Brasília)
31147,unknown,Paper Source,,,,,,,,,Thu Dec 04 2025 21:55:35 GMT-0300 (Horário Padrão de Brasília),Thu Dec 04 2025 21:55:35 GMT-0300 (Horário Padrão de Brasília)
31148,unknown,Parisian Pet,,,,,,,,,Thu Dec 04 2025 21:55:35 GMT-0300 (Horário Padrão de Brasília),Thu Dec 04 2025 21:55:35 GMT-0300 (Horário Padrão de Brasília)
31149,unknown,ParkDesigns,,,,,,,,,Thu Dec 04 2025 21:55:35 GMT-0300 (Horário Padrão de Brasília),Thu Dec 04 2025 21:55:35 GMT-0300 (Horário Padrão de Brasília)
31150,unknown,PaulBonomo,,,,,,,,,Thu Dec 04 2025 21:55:35 GMT-0300 (Horário Padrão de Brasília),Thu Dec 04 2025 21:55:35 GMT-0300 (Horário Padrão de Brasília)
31151,unknown,Pet Fusion,,,,,,,,,Thu Dec 04 2025 21:55:35 GMT-0300 (Horário Padrão de Brasília),Thu Dec 04 2025 21:55:35 GMT-0300 (Horário Padrão de Brasília)
31152,unknown,PetAdventuresWorldwide,,,,,,,,,Thu Dec 04 2025 21:55:35 GMT-0300 (Horário Padrão de Brasília),Thu Dec 04 2025 21:55:35 GMT-0300 (Horário Padrão de Brasília)
31153,unknown,Petlife,,,,,,,,,Thu Dec 04 2025 21:55:35 GMT-0300 (Horário Padrão de Brasília),Thu Dec 04 2025 21:55:35 GMT-0300 (Horário Padrão de Brasília)
31154,unknown,Pet Palette Distribution,,,,,,,,,Thu Dec 04 2025 21:55:35 GMT-0300 (Horário Padrão de Brasília),Thu Dec 04 2025 21:55:35 GMT-0300 (Horário Padrão de Brasília)
31155,unknown,PETStash,,,,,,,,,Thu Dec 04 2025 21:55:35 GMT-0300 (Horário Padrão de Brasília),Thu Dec 04 2025 21:55:35 GMT-0300 (Horário Padrão de Brasília)
31156,unknown,PowerhouseToys,,,,,,,,,Thu Dec 04 2025 21:55:35 GMT-0300 (Horário Padrão de Brasília),Thu Dec 04 2025 21:55:35 GMT-0300 (Horário Padrão de Brasília)
31157,unknown,PriceMaster,,,,,,,,,Thu Dec 04 2025 21:55:35 GMT-0300 (Horário Padrão de Brasília),Thu Dec 04 2025 21:55:35 GMT-0300 (Horário Padrão de Brasília)
31158,unknown,PriceUSWholesale,,,,,,,,,Thu Dec 04 2025 21:55:35 GMT-0300 (Horário Padrão de Brasília),Thu Dec 04 2025 21:55:35 GMT-0300 (Horário Padrão de Brasília)
31159,unknown,PuzzleWarehouse,,,,,,,,,Thu Dec 04 2025 21:55:35 GMT-0300 (Horário Padrão de Brasília),Thu Dec 04 2025 21:55:35 GMT-0300 (Horário Padrão de Brasília)
31160,unknown,PWShoesInc.,,,,,,,,,Thu Dec 04 2025 21:55:35 GMT-0300 (Horário Padrão de Brasília),Thu Dec 04 2025 21:55:35 GMT-0300 (Horário Padrão de Brasília)
31161,unknown,Qalara,,,,,,,,,Thu Dec 04 2025 21:55:35 GMT-0300 (Horário Padrão de Brasília),Thu Dec 04 2025 21:55:35 GMT-0300 (Horário Padrão de Brasília)
31162,unknown,RDG Wholesale and Distributor,,,,,,,,,Thu Dec 04 2025 21:55:35 GMT-0300 (Horário Padrão de Brasília),Thu Dec 04 2025 21:55:35 GMT-0300 (Horário Padrão de Brasília)
31163,unknown,Restaurantworld,,,,,,,,,Thu Dec 04 2025 21:55:35 GMT-0300 (Horário Padrão de Brasília),Thu Dec 04 2025 21:55:35 GMT-0300 (Horário Padrão de Brasília)
31164,unknown,RhinestoneJewelry,,,,,,,,,Thu Dec 04 2025 21:55:35 GMT-0300 (Horário Padrão de Brasília),Thu Dec 04 2025 21:55:35 GMT-0300 (Horário Padrão de Brasília)
31165,unknown,RhodeIslandNovelty,,,,,,,,,Thu Dec 04 2025 21:55:35 GMT-0300 (Horário Padrão de Brasília),Thu Dec 04 2025 21:55:35 GMT-0300 (Horário Padrão de Brasília)
31166,unknown,RockBottomDeals,,,,,,,,,Thu Dec 04 2025 21:55:35 GMT-0300 (Horário Padrão de Brasília),Thu Dec 04 2025 21:55:35 GMT-0300 (Horário Padrão de Brasília)
31167,unknown,RodenSurplusImportsInc.,,,,,,,,,Thu Dec 04 2025 21:55:35 GMT-0300 (Horário Padrão de Brasília),Thu Dec 04 2025 21:55:35 GMT-0300 (Horário Padrão de Brasília)
31168,unknown,RoundEyeSupply,,,,,,,,,Thu Dec 04 2025 21:55:35 GMT-0300 (Horário Padrão de Brasília),Thu Dec 04 2025 21:55:35 GMT-0300 (Horário Padrão de Brasília)
31169,unknown,Royal dog chew,,,,,,,,,Thu Dec 04 2025 21:55:35 GMT-0300 (Horário Padrão de Brasília),Thu Dec 04 2025 21:55:35 GMT-0300 (Horário Padrão de Brasília)
31170,unknown,RoyalWholesaleCandy,,,,,,,,,Thu Dec 04 2025 21:55:35 GMT-0300 (Horário Padrão de Brasília),Thu Dec 04 2025 21:55:35 GMT-0300 (Horário Padrão de Brasília)
31171,unknown,S&SWorldwide,,,,,,,,,Thu Dec 04 2025 21:55:35 GMT-0300 (Horário Padrão de Brasília),Thu Dec 04 2025 21:55:35 GMT-0300 (Horário Padrão de Brasília)
31172,unknown,SakuraToylandWholesale,,,,,,,,,Thu Dec 04 2025 21:55:35 GMT-0300 (Horário Padrão de Brasília),Thu Dec 04 2025 21:55:35 GMT-0300 (Horário Padrão de Brasília)
31173,unknown,SaltSkill,,,,,,,,,Thu Dec 04 2025 21:55:35 GMT-0300 (Horário Padrão de Brasília),Thu Dec 04 2025 21:55:35 GMT-0300 (Horário Padrão de Brasília)
31174,unknown,Sansansun Pets,,,,,,,,,Thu Dec 04 2025 21:55:35 GMT-0300 (Horário Padrão de Brasília),Thu Dec 04 2025 21:55:35 GMT-0300 (Horário Padrão de Brasília)
31175,unknown,Save on Crafts,,,,,,,,,Thu Dec 04 2025 21:55:35 GMT-0300 (Horário Padrão de Brasília),Thu Dec 04 2025 21:55:35 GMT-0300 (Horário Padrão de Brasília)
31177,unknown,Schylling,,,,,,,,,Thu Dec 04 2025 21:55:35 GMT-0300 (Horário Padrão de Brasília),Thu Dec 04 2025 21:55:35 GMT-0300 (Horário Padrão de Brasília)
31178,unknown,ShepherDistribution,,,,,,,,,Thu Dec 04 2025 21:55:35 GMT-0300 (Horário Padrão de Brasília),Thu Dec 04 2025 21:55:35 GMT-0300 (Horário Padrão de Brasília)
31179,unknown,SilverBuffalo,,,,,,,,,Thu Dec 04 2025 21:55:35 GMT-0300 (Horário Padrão de Brasília),Thu Dec 04 2025 21:55:35 GMT-0300 (Horário Padrão de Brasília)
31180,unknown,,,,,,,,,,Thu Dec 04 2025 21:55:35 GMT-0300 (Horário Padrão de Brasília),Thu Dec 04 2025 21:55:35 GMT-0300 (Horário Padrão de Brasília)
31181,unknown,,,,,,,,,,Thu Dec 04 2025 21:55:35 GMT-0300 (Horário Padrão de Brasília),Thu Dec 04 2025 21:55:35 GMT-0300 (Horário Padrão de Brasília)
31182,unknown,SpinmasterB2B,,,,,,,,,Thu Dec 04 2025 21:55:35 GMT-0300 (Horário Padrão de Brasília),Thu Dec 04 2025 21:55:35 GMT-0300 (Horário Padrão de Brasília)
31183,unknown,SportsmanSupply,,,,,,,,,Thu Dec 04 2025 21:55:35 GMT-0300 (Horário Padrão de Brasília),Thu Dec 04 2025 21:55:35 GMT-0300 (Horário Padrão de Brasília)
31184,unknown,SportsmanSupply Inc,,,,,,,,,Thu Dec 04 2025 21:55:35 GMT-0300 (Horário Padrão de Brasília),Thu Dec 04 2025 21:55:35 GMT-0300 (Horário Padrão de Brasília)
31185,unknown,St Louis Wholesale,,,,,,,,,Thu Dec 04 2025 21:55:35 GMT-0300 (Horário Padrão de Brasília),Thu Dec 04 2025 21:55:35 GMT-0300 (Horário Padrão de Brasília)
31186,unknown,Suncoast Liquidators,,,,,,,,,Thu Dec 04 2025 21:55:35 GMT-0300 (Horário Padrão de Brasília),Thu Dec 04 2025 21:55:35 GMT-0300 (Horário Padrão de Brasília)
31187,unknown,SunWholesale,,,,,,,,,Thu Dec 04 2025 21:55:35 GMT-0300 (Horário Padrão de Brasília),Thu Dec 04 2025 21:55:35 GMT-0300 (Horário Padrão de Brasília)
31256,unknown,GLOBAL PRIME DIRECT,,,,,,,,,Thu Dec 04 2025 21:55:36 GMT-0300 (Horário Padrão de Brasília),Thu Dec 04 2025 21:55:36 GMT-0300 (Horário Padrão de Brasília)
31188,unknown,SUPREME LIQUIDATORS,,,,,,,,,Thu Dec 04 2025 21:55:35 GMT-0300 (Horário Padrão de Brasília),Thu Dec 04 2025 21:55:35 GMT-0300 (Horário Padrão de Brasília)
31189,unknown,TECHFORLESS,,,,,,,,,Thu Dec 04 2025 21:55:35 GMT-0300 (Horário Padrão de Brasília),Thu Dec 04 2025 21:55:35 GMT-0300 (Horário Padrão de Brasília)
31190,unknown,Texas Pecan Company,,,,,,,,,Thu Dec 04 2025 21:55:35 GMT-0300 (Horário Padrão de Brasília),Thu Dec 04 2025 21:55:35 GMT-0300 (Horário Padrão de Brasília)
31191,unknown,Texas Wholesale,,,,,,,,,Thu Dec 04 2025 21:55:35 GMT-0300 (Horário Padrão de Brasília),Thu Dec 04 2025 21:55:35 GMT-0300 (Horário Padrão de Brasília)
31192,unknown,The Toy Network,,,,,,,,,Thu Dec 04 2025 21:55:35 GMT-0300 (Horário Padrão de Brasília),Thu Dec 04 2025 21:55:35 GMT-0300 (Horário Padrão de Brasília)
31193,unknown,TheMallDepot,,,,,,,,,Thu Dec 04 2025 21:55:35 GMT-0300 (Horário Padrão de Brasília),Thu Dec 04 2025 21:55:35 GMT-0300 (Horário Padrão de Brasília)
31194,unknown,TinToyArcade,,,,,,,,,Thu Dec 04 2025 21:55:35 GMT-0300 (Horário Padrão de Brasília),Thu Dec 04 2025 21:55:35 GMT-0300 (Horário Padrão de Brasília)
31195,unknown,Toy Galaxy,,,,,,,,,Thu Dec 04 2025 21:55:35 GMT-0300 (Horário Padrão de Brasília),Thu Dec 04 2025 21:55:35 GMT-0300 (Horário Padrão de Brasília)
31196,unknown,Toyhouse,,,,,,,,,Thu Dec 04 2025 21:55:35 GMT-0300 (Horário Padrão de Brasília),Thu Dec 04 2025 21:55:35 GMT-0300 (Horário Padrão de Brasília)
31197,unknown,Toy Wonders,,,,,,,,,Thu Dec 04 2025 21:55:36 GMT-0300 (Horário Padrão de Brasília),Thu Dec 04 2025 21:55:36 GMT-0300 (Horário Padrão de Brasília)
31198,unknown,TradionEnterprisesInc.,,,,,,,,,Thu Dec 04 2025 21:55:36 GMT-0300 (Horário Padrão de Brasília),Thu Dec 04 2025 21:55:36 GMT-0300 (Horário Padrão de Brasília)
31199,unknown,Tropical Rose,,,,,,,,,Thu Dec 04 2025 21:55:36 GMT-0300 (Horário Padrão de Brasília),Thu Dec 04 2025 21:55:36 GMT-0300 (Horário Padrão de Brasília)
31200,unknown,Tuesday Morning,,,,,,,,,Thu Dec 04 2025 21:55:36 GMT-0300 (Horário Padrão de Brasília),Thu Dec 04 2025 21:55:36 GMT-0300 (Horário Padrão de Brasília)
31201,unknown,UMA Home Décor,,,,,,,,,Thu Dec 04 2025 21:55:36 GMT-0300 (Horário Padrão de Brasília),Thu Dec 04 2025 21:55:36 GMT-0300 (Horário Padrão de Brasília)
31202,unknown,Uniware Houseware,,,,,,,,,Thu Dec 04 2025 21:55:36 GMT-0300 (Horário Padrão de Brasília),Thu Dec 04 2025 21:55:36 GMT-0300 (Horário Padrão de Brasília)
31203,unknown,UPDInc,,,,,,,,,Thu Dec 04 2025 21:55:36 GMT-0300 (Horário Padrão de Brasília),Thu Dec 04 2025 21:55:36 GMT-0300 (Horário Padrão de Brasília)
31204,unknown,US Toy,,,,,,,,,Thu Dec 04 2025 21:55:36 GMT-0300 (Horário Padrão de Brasília),Thu Dec 04 2025 21:55:36 GMT-0300 (Horário Padrão de Brasília)
31205,unknown,Vandor,,,,,,,,,Thu Dec 04 2025 21:55:36 GMT-0300 (Horário Padrão de Brasília),Thu Dec 04 2025 21:55:36 GMT-0300 (Horário Padrão de Brasília)
31206,unknown,,,,,,,,,,Thu Dec 04 2025 21:55:36 GMT-0300 (Horário Padrão de Brasília),Thu Dec 04 2025 21:55:36 GMT-0300 (Horário Padrão de Brasília)
31207,unknown,VIA TRADING,,,,,,,,,Thu Dec 04 2025 21:55:36 GMT-0300 (Horário Padrão de Brasília),Thu Dec 04 2025 21:55:36 GMT-0300 (Horário Padrão de Brasília)
31208,unknown,Wholesale Jewelry & Accessories,,,,,,,,,Thu Dec 04 2025 21:55:36 GMT-0300 (Horário Padrão de Brasília),Thu Dec 04 2025 21:55:36 GMT-0300 (Horário Padrão de Brasília)
31209,unknown,Wholesale Pet,,,,,,,,,Thu Dec 04 2025 21:55:36 GMT-0300 (Horário Padrão de Brasília),Thu Dec 04 2025 21:55:36 GMT-0300 (Horário Padrão de Brasília)
31210,unknown,Wholesale Point,,,,,,,,,Thu Dec 04 2025 21:55:36 GMT-0300 (Horário Padrão de Brasília),Thu Dec 04 2025 21:55:36 GMT-0300 (Horário Padrão de Brasília)
31211,unknown,WholesaleCasePrice,,,,,,,,,Thu Dec 04 2025 21:55:36 GMT-0300 (Horário Padrão de Brasília),Thu Dec 04 2025 21:55:36 GMT-0300 (Horário Padrão de Brasília)
31212,unknown,WildBillWholesale,,,,,,,,,Thu Dec 04 2025 21:55:36 GMT-0300 (Horário Padrão de Brasília),Thu Dec 04 2025 21:55:36 GMT-0300 (Horário Padrão de Brasília)
31213,unknown,WorldwidePerfumesLLC,,,,,,,,,Thu Dec 04 2025 21:55:36 GMT-0300 (Horário Padrão de Brasília),Thu Dec 04 2025 21:55:36 GMT-0300 (Horário Padrão de Brasília)
31214,unknown,Your Fashion Wholesale,,,,,,,,,Thu Dec 04 2025 21:55:36 GMT-0300 (Horário Padrão de Brasília),Thu Dec 04 2025 21:55:36 GMT-0300 (Horário Padrão de Brasília)
31257,unknown,,,,,,,,,,Thu Dec 04 2025 21:55:36 GMT-0300 (Horário Padrão de Brasília),Thu Dec 04 2025 21:55:36 GMT-0300 (Horário Padrão de Brasília)
31258,unknown,,,,,,,,,,Thu Dec 04 2025 21:55:36 GMT-0300 (Horário Padrão de Brasília),Thu Dec 04 2025 21:55:36 GMT-0300 (Horário Padrão de Brasília)
31215,unknown,ZoofyInternational,,,,,,,,,Thu Dec 04 2025 21:55:36 GMT-0300 (Horário Padrão de Brasília),Thu Dec 04 2025 21:55:36 GMT-0300 (Horário Padrão de Brasília)
31216,unknown,Barry Owen,,,,,,,,,Thu Dec 04 2025 21:55:36 GMT-0300 (Horário Padrão de Brasília),Thu Dec 04 2025 21:55:36 GMT-0300 (Horário Padrão de Brasília)
31217,unknown,Cajole,,,,,,,,,Thu Dec 04 2025 21:55:36 GMT-0300 (Horário Padrão de Brasília),Thu Dec 04 2025 21:55:36 GMT-0300 (Horário Padrão de Brasília)
31218,unknown,Celestial Dreams,,,,,,,,,Thu Dec 04 2025 21:55:36 GMT-0300 (Horário Padrão de Brasília),Thu Dec 04 2025 21:55:36 GMT-0300 (Horário Padrão de Brasília)
31219,unknown,Continental Art Center,,,,,,,,,Thu Dec 04 2025 21:55:36 GMT-0300 (Horário Padrão de Brasília),Thu Dec 04 2025 21:55:36 GMT-0300 (Horário Padrão de Brasília)
31220,unknown,DeLeon Collections,,,,,,,,,Thu Dec 04 2025 21:55:36 GMT-0300 (Horário Padrão de Brasília),Thu Dec 04 2025 21:55:36 GMT-0300 (Horário Padrão de Brasília)
31221,unknown,Eagle Crest Industries Inc.,,,,,,,,,Thu Dec 04 2025 21:55:36 GMT-0300 (Horário Padrão de Brasília),Thu Dec 04 2025 21:55:36 GMT-0300 (Horário Padrão de Brasília)
31222,unknown,Fuji Merchandise Corp,,,,,,,,,Thu Dec 04 2025 21:55:36 GMT-0300 (Horário Padrão de Brasília),Thu Dec 04 2025 21:55:36 GMT-0300 (Horário Padrão de Brasília)
31223,unknown,Goffa USA,,,,,,,,,Thu Dec 04 2025 21:55:36 GMT-0300 (Horário Padrão de Brasília),Thu Dec 04 2025 21:55:36 GMT-0300 (Horário Padrão de Brasília)
31224,unknown,International Crystal Exchange,,,,,,,,,Thu Dec 04 2025 21:55:36 GMT-0300 (Horário Padrão de Brasília),Thu Dec 04 2025 21:55:36 GMT-0300 (Horário Padrão de Brasília)
31225,unknown,KBNL INT'L INC,,,,,,,,,Thu Dec 04 2025 21:55:36 GMT-0300 (Horário Padrão de Brasília),Thu Dec 04 2025 21:55:36 GMT-0300 (Horário Padrão de Brasília)
31226,unknown,L&Y USA,,,,,,,,,Thu Dec 04 2025 21:55:36 GMT-0300 (Horário Padrão de Brasília),Thu Dec 04 2025 21:55:36 GMT-0300 (Horário Padrão de Brasília)
31227,unknown,Mila Wholesale,,,,,,,,,Thu Dec 04 2025 21:55:36 GMT-0300 (Horário Padrão de Brasília),Thu Dec 04 2025 21:55:36 GMT-0300 (Horário Padrão de Brasília)
31228,unknown,SoNice Party Inc.,,,,,,,,,Thu Dec 04 2025 21:55:36 GMT-0300 (Horário Padrão de Brasília),Thu Dec 04 2025 21:55:36 GMT-0300 (Horário Padrão de Brasília)
31229,unknown,Spinfinity Designs,,,,,,,,,Thu Dec 04 2025 21:55:36 GMT-0300 (Horário Padrão de Brasília),Thu Dec 04 2025 21:55:36 GMT-0300 (Horário Padrão de Brasília)
31230,unknown,Three Star Im / Ex Inc.,,,,,,,,,Thu Dec 04 2025 21:55:36 GMT-0300 (Horário Padrão de Brasília),Thu Dec 04 2025 21:55:36 GMT-0300 (Horário Padrão de Brasília)
31231,unknown,A7M Wholesale Group,,,,,,,,,Thu Dec 04 2025 21:55:36 GMT-0300 (Horário Padrão de Brasília),Thu Dec 04 2025 21:55:36 GMT-0300 (Horário Padrão de Brasília)
31232,unknown,Wholesale Italianfood,,,,,,,,,Thu Dec 04 2025 21:55:36 GMT-0300 (Horário Padrão de Brasília),Thu Dec 04 2025 21:55:36 GMT-0300 (Horário Padrão de Brasília)
31233,unknown,ahppet,,,,,,,,,Thu Dec 04 2025 21:55:36 GMT-0300 (Horário Padrão de Brasília),Thu Dec 04 2025 21:55:36 GMT-0300 (Horário Padrão de Brasília)
31234,unknown,Zeiglers distribution,,,,,,,,,Thu Dec 04 2025 21:55:36 GMT-0300 (Horário Padrão de Brasília),Thu Dec 04 2025 21:55:36 GMT-0300 (Horário Padrão de Brasília)
31235,unknown,,,,,,,,,,Thu Dec 04 2025 21:55:36 GMT-0300 (Horário Padrão de Brasília),Thu Dec 04 2025 21:55:36 GMT-0300 (Horário Padrão de Brasília)
31236,unknown,MiddleWest Pet,,,,,,,,,Thu Dec 04 2025 21:55:36 GMT-0300 (Horário Padrão de Brasília),Thu Dec 04 2025 21:55:36 GMT-0300 (Horário Padrão de Brasília)
31237,unknown,"TEK Distributors, INC.",,,,,,,,,Thu Dec 04 2025 21:55:36 GMT-0300 (Horário Padrão de Brasília),Thu Dec 04 2025 21:55:36 GMT-0300 (Horário Padrão de Brasília)
31238,unknown,,,,,,,,,,Thu Dec 04 2025 21:55:36 GMT-0300 (Horário Padrão de Brasília),Thu Dec 04 2025 21:55:36 GMT-0300 (Horário Padrão de Brasília)
31239,unknown,,,,,,,,,,Thu Dec 04 2025 21:55:36 GMT-0300 (Horário Padrão de Brasília),Thu Dec 04 2025 21:55:36 GMT-0300 (Horário Padrão de Brasília)
31240,unknown,,,,,,,,,,Thu Dec 04 2025 21:55:36 GMT-0300 (Horário Padrão de Brasília),Thu Dec 04 2025 21:55:36 GMT-0300 (Horário Padrão de Brasília)
31260,unknown,JAMN PRODUCTS INC,,,,,,,,,Thu Dec 04 2025 21:55:36 GMT-0300 (Horário Padrão de Brasília),Thu Dec 04 2025 21:55:36 GMT-0300 (Horário Padrão de Brasília)
31261,unknown,JC SALES TOYS,,,,,,,,,Thu Dec 04 2025 21:55:36 GMT-0300 (Horário Padrão de Brasília),Thu Dec 04 2025 21:55:36 GMT-0300 (Horário Padrão de Brasília)
31262,unknown,HANSEN,,,,,,,,,Thu Dec 04 2025 21:55:36 GMT-0300 (Horário Padrão de Brasília),Thu Dec 04 2025 21:55:36 GMT-0300 (Horário Padrão de Brasília)
31263,unknown,SKYLINE BEAUTY SUPPLY FV,,,,,,,,,Thu Dec 04 2025 21:55:36 GMT-0300 (Horário Padrão de Brasília),Thu Dec 04 2025 21:55:36 GMT-0300 (Horário Padrão de Brasília)
31264,unknown,,,,,,,,,,Thu Dec 04 2025 21:55:36 GMT-0300 (Horário Padrão de Brasília),Thu Dec 04 2025 21:55:36 GMT-0300 (Horário Padrão de Brasília)
31265,unknown,,,,,,,,,,Thu Dec 04 2025 21:55:36 GMT-0300 (Horário Padrão de Brasília),Thu Dec 04 2025 21:55:36 GMT-0300 (Horário Padrão de Brasília)
31266,unknown,,,,,,,,,,Thu Dec 04 2025 21:55:36 GMT-0300 (Horário Padrão de Brasília),Thu Dec 04 2025 21:55:36 GMT-0300 (Horário Padrão de Brasília)
31267,unknown,KZ INTERNATIONAL,,,,,,,,,Thu Dec 04 2025 21:55:36 GMT-0300 (Horário Padrão de Brasília),Thu Dec 04 2025 21:55:36 GMT-0300 (Horário Padrão de Brasília)
31268,unknown,"NEW YORK COSMETICS, INC",,,,,,,,,Thu Dec 04 2025 21:55:36 GMT-0300 (Horário Padrão de Brasília),Thu Dec 04 2025 21:55:36 GMT-0300 (Horário Padrão de Brasília)
31269,unknown,,,,,,,,,,Thu Dec 04 2025 21:55:36 GMT-0300 (Horário Padrão de Brasília),Thu Dec 04 2025 21:55:36 GMT-0300 (Horário Padrão de Brasília)
31270,unknown,,,,,,,,,,Thu Dec 04 2025 21:55:36 GMT-0300 (Horário Padrão de Brasília),Thu Dec 04 2025 21:55:36 GMT-0300 (Horário Padrão de Brasília)
31271,unknown,GD WHOLESALE LTD,,,,,,,,,Thu Dec 04 2025 21:55:36 GMT-0300 (Horário Padrão de Brasília),Thu Dec 04 2025 21:55:36 GMT-0300 (Horário Padrão de Brasília)
31272,unknown,,,,,,,,,,Thu Dec 04 2025 21:55:36 GMT-0300 (Horário Padrão de Brasília),Thu Dec 04 2025 21:55:36 GMT-0300 (Horário Padrão de Brasília)
31273,unknown,ONE TREE BRANDS,,,,,,,,,Thu Dec 04 2025 21:55:36 GMT-0300 (Horário Padrão de Brasília),Thu Dec 04 2025 21:55:36 GMT-0300 (Horário Padrão de Brasília)
31274,unknown,JW CAROLINA,,,,,,,,,Thu Dec 04 2025 21:55:36 GMT-0300 (Horário Padrão de Brasília),Thu Dec 04 2025 21:55:36 GMT-0300 (Horário Padrão de Brasília)
31275,unknown,,,,,,,,,,Thu Dec 04 2025 21:55:36 GMT-0300 (Horário Padrão de Brasília),Thu Dec 04 2025 21:55:36 GMT-0300 (Horário Padrão de Brasília)
31276,unknown,REGO TRADING,,,,,,,,,Thu Dec 04 2025 21:55:36 GMT-0300 (Horário Padrão de Brasília),Thu Dec 04 2025 21:55:36 GMT-0300 (Horário Padrão de Brasília)
31277,unknown,REGENT PRODUCT CORP,,,,,,,,,Thu Dec 04 2025 21:55:36 GMT-0300 (Horário Padrão de Brasília),Thu Dec 04 2025 21:55:36 GMT-0300 (Horário Padrão de Brasília)
31278,unknown,,,,,,,,,,Thu Dec 04 2025 21:55:36 GMT-0300 (Horário Padrão de Brasília),Thu Dec 04 2025 21:55:36 GMT-0300 (Horário Padrão de Brasília)
31279,unknown,DOLLAR CLEARENCE,,,,,,,,,Thu Dec 04 2025 21:55:36 GMT-0300 (Horário Padrão de Brasília),Thu Dec 04 2025 21:55:36 GMT-0300 (Horário Padrão de Brasília)
31280,unknown,,,,,,,,,,Thu Dec 04 2025 21:55:36 GMT-0300 (Horário Padrão de Brasília),Thu Dec 04 2025 21:55:36 GMT-0300 (Horário Padrão de Brasília)
31281,unknown,INTERNATIONAL WHOLESALE,,,,,,,,,Thu Dec 04 2025 21:55:36 GMT-0300 (Horário Padrão de Brasília),Thu Dec 04 2025 21:55:36 GMT-0300 (Horário Padrão de Brasília)
31282,unknown,,,,,,,,,,Thu Dec 04 2025 21:55:36 GMT-0300 (Horário Padrão de Brasília),Thu Dec 04 2025 21:55:36 GMT-0300 (Horário Padrão de Brasília)
31283,unknown,BAJA DISTRIBUTORS,,,,,,,,,Thu Dec 04 2025 21:55:36 GMT-0300 (Horário Padrão de Brasília),Thu Dec 04 2025 21:55:36 GMT-0300 (Horário Padrão de Brasília)
31284,unknown,JINNY,,,,,,,,,Thu Dec 04 2025 21:55:36 GMT-0300 (Horário Padrão de Brasília),Thu Dec 04 2025 21:55:36 GMT-0300 (Horário Padrão de Brasília)
31286,unknown,BHB DISTRIBUTORS INC,,,,,,,,,Thu Dec 04 2025 21:55:36 GMT-0300 (Horário Padrão de Brasília),Thu Dec 04 2025 21:55:36 GMT-0300 (Horário Padrão de Brasília)
31287,unknown,HELLO BANANA,,,,,,,,,Thu Dec 04 2025 21:55:36 GMT-0300 (Horário Padrão de Brasília),Thu Dec 04 2025 21:55:36 GMT-0300 (Horário Padrão de Brasília)
31288,unknown,JNI WHOLESALE,,,,,,,,,Thu Dec 04 2025 21:55:36 GMT-0300 (Horário Padrão de Brasília),Thu Dec 04 2025 21:55:36 GMT-0300 (Horário Padrão de Brasília)
31289,unknown,WHOLESALE BEAUTY LA,,,,,,,,,Thu Dec 04 2025 21:55:36 GMT-0300 (Horário Padrão de Brasília),Thu Dec 04 2025 21:55:36 GMT-0300 (Horário Padrão de Brasília)
31290,unknown,BEAUTY & COSMETIC USA CORP,,,,,,,,,Thu Dec 04 2025 21:55:36 GMT-0300 (Horário Padrão de Brasília),Thu Dec 04 2025 21:55:36 GMT-0300 (Horário Padrão de Brasília)
31291,unknown,ADVANCE DISTRIBUTORS,,,,,,,,,Thu Dec 04 2025 21:55:36 GMT-0300 (Horário Padrão de Brasília),Thu Dec 04 2025 21:55:36 GMT-0300 (Horário Padrão de Brasília)
31292,unknown,STEALTH INTERNATIONAL,,,,,,,,,Thu Dec 04 2025 21:55:36 GMT-0300 (Horário Padrão de Brasília),Thu Dec 04 2025 21:55:36 GMT-0300 (Horário Padrão de Brasília)
31324,unknown,SUPER WHOLESALE,,,,,,,,,Thu Dec 04 2025 21:55:36 GMT-0300 (Horário Padrão de Brasília),Thu Dec 04 2025 21:55:36 GMT-0300 (Horário Padrão de Brasília)
31293,unknown,BEAUTY SUPLLY 123,,,,,,,,,Thu Dec 04 2025 21:55:36 GMT-0300 (Horário Padrão de Brasília),Thu Dec 04 2025 21:55:36 GMT-0300 (Horário Padrão de Brasília)
31294,unknown,LACACORP,,,,,,,,,Thu Dec 04 2025 21:55:36 GMT-0300 (Horário Padrão de Brasília),Thu Dec 04 2025 21:55:36 GMT-0300 (Horário Padrão de Brasília)
31295,unknown,MIN MAX DEALS,,,,,,,,,Thu Dec 04 2025 21:55:36 GMT-0300 (Horário Padrão de Brasília),Thu Dec 04 2025 21:55:36 GMT-0300 (Horário Padrão de Brasília)
31296,unknown,BEAUTIX INC,,,,,,,,,Thu Dec 04 2025 21:55:36 GMT-0300 (Horário Padrão de Brasília),Thu Dec 04 2025 21:55:36 GMT-0300 (Horário Padrão de Brasília)
31297,unknown,,,,,,,,,,Thu Dec 04 2025 21:55:36 GMT-0300 (Horário Padrão de Brasília),Thu Dec 04 2025 21:55:36 GMT-0300 (Horário Padrão de Brasília)
31298,unknown,,,,,,,,,,Thu Dec 04 2025 21:55:36 GMT-0300 (Horário Padrão de Brasília),Thu Dec 04 2025 21:55:36 GMT-0300 (Horário Padrão de Brasília)
31299,unknown,,,,,,,,,,Thu Dec 04 2025 21:55:36 GMT-0300 (Horário Padrão de Brasília),Thu Dec 04 2025 21:55:36 GMT-0300 (Horário Padrão de Brasília)
31300,unknown,ANNIE,,,,,,,,,Thu Dec 04 2025 21:55:36 GMT-0300 (Horário Padrão de Brasília),Thu Dec 04 2025 21:55:36 GMT-0300 (Horário Padrão de Brasília)
31301,unknown,QH DISTRIBUTION,,,,,,,,,Thu Dec 04 2025 21:55:36 GMT-0300 (Horário Padrão de Brasília),Thu Dec 04 2025 21:55:36 GMT-0300 (Horário Padrão de Brasília)
31302,unknown,NOVA WAREHOUSE OUTLET,,,,,,,,,Thu Dec 04 2025 21:55:36 GMT-0300 (Horário Padrão de Brasília),Thu Dec 04 2025 21:55:36 GMT-0300 (Horário Padrão de Brasília)
31303,unknown,BI-LO BEAUTY,,,,,,,,,Thu Dec 04 2025 21:55:36 GMT-0300 (Horário Padrão de Brasília),Thu Dec 04 2025 21:55:36 GMT-0300 (Horário Padrão de Brasília)
31304,unknown,UNIVERSAL DC,,,,,,,,,Thu Dec 04 2025 21:55:36 GMT-0300 (Horário Padrão de Brasília),Thu Dec 04 2025 21:55:36 GMT-0300 (Horário Padrão de Brasília)
31305,unknown,PINEAPLE BEAUTY INC,,,,,,,,,Thu Dec 04 2025 21:55:36 GMT-0300 (Horário Padrão de Brasília),Thu Dec 04 2025 21:55:36 GMT-0300 (Horário Padrão de Brasília)
31306,unknown,FLAWLESS BEAUTY WHOLESALE,,,,,,,,,Thu Dec 04 2025 21:55:36 GMT-0300 (Horário Padrão de Brasília),Thu Dec 04 2025 21:55:36 GMT-0300 (Horário Padrão de Brasília)
31307,unknown,LV DISTRIBUTION,,,,,,,,,Thu Dec 04 2025 21:55:36 GMT-0300 (Horário Padrão de Brasília),Thu Dec 04 2025 21:55:36 GMT-0300 (Horário Padrão de Brasília)
31308,unknown,REX DISCOUNT,,,,,,,,,Thu Dec 04 2025 21:55:36 GMT-0300 (Horário Padrão de Brasília),Thu Dec 04 2025 21:55:36 GMT-0300 (Horário Padrão de Brasília)
31309,unknown,DUKANEE BEAUTY SUPPLY,,,,,,,,,Thu Dec 04 2025 21:55:36 GMT-0300 (Horário Padrão de Brasília),Thu Dec 04 2025 21:55:36 GMT-0300 (Horário Padrão de Brasília)
31310,unknown,CORAL PORT,,,,,,,,,Thu Dec 04 2025 21:55:36 GMT-0300 (Horário Padrão de Brasília),Thu Dec 04 2025 21:55:36 GMT-0300 (Horário Padrão de Brasília)
31311,unknown,KT SUPPLY WHOLESALE,,,,,,,,,Thu Dec 04 2025 21:55:36 GMT-0300 (Horário Padrão de Brasília),Thu Dec 04 2025 21:55:36 GMT-0300 (Horário Padrão de Brasília)
31312,unknown,KELLIS GIFTS,,,,,,,,,Thu Dec 04 2025 21:55:36 GMT-0300 (Horário Padrão de Brasília),Thu Dec 04 2025 21:55:36 GMT-0300 (Horário Padrão de Brasília)
31313,unknown,SOUTHERN HOBBY,,,,,,,,,Thu Dec 04 2025 21:55:36 GMT-0300 (Horário Padrão de Brasília),Thu Dec 04 2025 21:55:36 GMT-0300 (Horário Padrão de Brasília)
31314,unknown,Sephora Wholesale,,,,,,,,,Thu Dec 04 2025 21:55:36 GMT-0300 (Horário Padrão de Brasília),Thu Dec 04 2025 21:55:36 GMT-0300 (Horário Padrão de Brasília)
31315,unknown,Ulta Beauty Wholesale,,,,,,,,,Thu Dec 04 2025 21:55:36 GMT-0300 (Horário Padrão de Brasília),Thu Dec 04 2025 21:55:36 GMT-0300 (Horário Padrão de Brasília)
31316,unknown,CosmoProf,,,,,,,,,Thu Dec 04 2025 21:55:36 GMT-0300 (Horário Padrão de Brasília),Thu Dec 04 2025 21:55:36 GMT-0300 (Horário Padrão de Brasília)
31317,unknown,Beauty Plus Salon,,,,,,,,,Thu Dec 04 2025 21:55:36 GMT-0300 (Horário Padrão de Brasília),Thu Dec 04 2025 21:55:36 GMT-0300 (Horário Padrão de Brasília)
31318,unknown,Qosmedix,,,,,,,,,Thu Dec 04 2025 21:55:36 GMT-0300 (Horário Padrão de Brasília),Thu Dec 04 2025 21:55:36 GMT-0300 (Horário Padrão de Brasília)
31319,unknown,BeautyJoint,,,,,,,,,Thu Dec 04 2025 21:55:36 GMT-0300 (Horário Padrão de Brasília),Thu Dec 04 2025 21:55:36 GMT-0300 (Horário Padrão de Brasília)
31320,unknown,NutraScienceLabs,,,,,,,,,Thu Dec 04 2025 21:55:36 GMT-0300 (Horário Padrão de Brasília),Thu Dec 04 2025 21:55:36 GMT-0300 (Horário Padrão de Brasília)
31321,unknown,GREAT LAKE WHOLESALE,,,,,,,,,Thu Dec 04 2025 21:55:36 GMT-0300 (Horário Padrão de Brasília),Thu Dec 04 2025 21:55:36 GMT-0300 (Horário Padrão de Brasília)
31322,unknown,MUD PUPPY,,,,,,,,,Thu Dec 04 2025 21:55:36 GMT-0300 (Horário Padrão de Brasília),Thu Dec 04 2025 21:55:36 GMT-0300 (Horário Padrão de Brasília)
31323,unknown,BRIDGE DISTRIBUTION AND FULFILLMENT,,,,,,,,,Thu Dec 04 2025 21:55:36 GMT-0300 (Horário Padrão de Brasília),Thu Dec 04 2025 21:55:36 GMT-0300 (Horário Padrão de Brasília)
31415,unknown,Las Vegas Souvenir and Resort Gift Show,,,,,,,,,Thu Dec 04 2025 21:55:36 GMT-0300 (Horário Padrão de Brasília),Thu Dec 04 2025 21:55:36 GMT-0300 (Horário Padrão de Brasília)
31325,unknown,JJJ DISTRIBUTORS,,,,,,,,,Thu Dec 04 2025 21:55:36 GMT-0300 (Horário Padrão de Brasília),Thu Dec 04 2025 21:55:36 GMT-0300 (Horário Padrão de Brasília)
31326,unknown,CALA PRODUCTS,,,,,,,,,Thu Dec 04 2025 21:55:36 GMT-0300 (Horário Padrão de Brasília),Thu Dec 04 2025 21:55:36 GMT-0300 (Horário Padrão de Brasília)
31327,unknown,ZECOYA,,,,,,,,,Thu Dec 04 2025 21:55:36 GMT-0300 (Horário Padrão de Brasília),Thu Dec 04 2025 21:55:36 GMT-0300 (Horário Padrão de Brasília)
31328,unknown,,,,,,,,,,Thu Dec 04 2025 21:55:36 GMT-0300 (Horário Padrão de Brasília),Thu Dec 04 2025 21:55:36 GMT-0300 (Horário Padrão de Brasília)
31329,unknown,Weiners,,,,,,,,,Thu Dec 04 2025 21:55:36 GMT-0300 (Horário Padrão de Brasília),Thu Dec 04 2025 21:55:36 GMT-0300 (Horário Padrão de Brasília)
31330,unknown,SUPERGOOP,,,,,,,,,Thu Dec 04 2025 21:55:36 GMT-0300 (Horário Padrão de Brasília),Thu Dec 04 2025 21:55:36 GMT-0300 (Horário Padrão de Brasília)
31331,unknown,WORLD WIDE PERFUMES LLC,,,,,,,,,Thu Dec 04 2025 21:55:36 GMT-0300 (Horário Padrão de Brasília),Thu Dec 04 2025 21:55:36 GMT-0300 (Horário Padrão de Brasília)
31332,unknown,"DP & Company, INC",,,,,,,,,Thu Dec 04 2025 21:55:36 GMT-0300 (Horário Padrão de Brasília),Thu Dec 04 2025 21:55:36 GMT-0300 (Horário Padrão de Brasília)
31333,unknown,HEALTH CENTRAL USA,,,,,,,,,Thu Dec 04 2025 21:55:36 GMT-0300 (Horário Padrão de Brasília),Thu Dec 04 2025 21:55:36 GMT-0300 (Horário Padrão de Brasília)
31334,unknown,JC SALES,,,,,,,,,Thu Dec 04 2025 21:55:36 GMT-0300 (Horário Padrão de Brasília),Thu Dec 04 2025 21:55:36 GMT-0300 (Horário Padrão de Brasília)
31335,unknown,ICM DISTRIBUTING COMPANY,,,,,,,,,Thu Dec 04 2025 21:55:36 GMT-0300 (Horário Padrão de Brasília),Thu Dec 04 2025 21:55:36 GMT-0300 (Horário Padrão de Brasília)
31336,unknown,JASMINE TRADING INC,,,,,,,,,Thu Dec 04 2025 21:55:36 GMT-0300 (Horário Padrão de Brasília),Thu Dec 04 2025 21:55:36 GMT-0300 (Horário Padrão de Brasília)
31337,unknown,PRICE US WHOLESALE,,,,,,,,,Thu Dec 04 2025 21:55:36 GMT-0300 (Horário Padrão de Brasília),Thu Dec 04 2025 21:55:36 GMT-0300 (Horário Padrão de Brasília)
31338,unknown,,,,,,,,,,Thu Dec 04 2025 21:55:36 GMT-0300 (Horário Padrão de Brasília),Thu Dec 04 2025 21:55:36 GMT-0300 (Horário Padrão de Brasília)
31339,unknown,,,,,,,,,,Thu Dec 04 2025 21:55:36 GMT-0300 (Horário Padrão de Brasília),Thu Dec 04 2025 21:55:36 GMT-0300 (Horário Padrão de Brasília)
31340,unknown,,,,,,,,,,Thu Dec 04 2025 21:55:36 GMT-0300 (Horário Padrão de Brasília),Thu Dec 04 2025 21:55:36 GMT-0300 (Horário Padrão de Brasília)
31341,unknown,,,,,,,,,,Thu Dec 04 2025 21:55:36 GMT-0300 (Horário Padrão de Brasília),Thu Dec 04 2025 21:55:36 GMT-0300 (Horário Padrão de Brasília)
31342,unknown,,,,,,,,,,Thu Dec 04 2025 21:55:36 GMT-0300 (Horário Padrão de Brasília),Thu Dec 04 2025 21:55:36 GMT-0300 (Horário Padrão de Brasília)
31343,unknown,UNFI EASY OPTIONS,,,,,,,,,Thu Dec 04 2025 21:55:36 GMT-0300 (Horário Padrão de Brasília),Thu Dec 04 2025 21:55:36 GMT-0300 (Horário Padrão de Brasília)
31344,unknown,,,,,,,,,,Thu Dec 04 2025 21:55:36 GMT-0300 (Horário Padrão de Brasília),Thu Dec 04 2025 21:55:36 GMT-0300 (Horário Padrão de Brasília)
31345,unknown,,,,,,,,,,Thu Dec 04 2025 21:55:36 GMT-0300 (Horário Padrão de Brasília),Thu Dec 04 2025 21:55:36 GMT-0300 (Horário Padrão de Brasília)
31346,unknown,,,,,,,,,,Thu Dec 04 2025 21:55:36 GMT-0300 (Horário Padrão de Brasília),Thu Dec 04 2025 21:55:36 GMT-0300 (Horário Padrão de Brasília)
31347,unknown,VALUE WHOLESALE,,,,,,,,,Thu Dec 04 2025 21:55:36 GMT-0300 (Horário Padrão de Brasília),Thu Dec 04 2025 21:55:36 GMT-0300 (Horário Padrão de Brasília)
31348,unknown,,,,,,,,,,Thu Dec 04 2025 21:55:36 GMT-0300 (Horário Padrão de Brasília),Thu Dec 04 2025 21:55:36 GMT-0300 (Horário Padrão de Brasília)
31349,unknown,,,,,,,,,,Thu Dec 04 2025 21:55:36 GMT-0300 (Horário Padrão de Brasília),Thu Dec 04 2025 21:55:36 GMT-0300 (Horário Padrão de Brasília)
31350,unknown,Marks Wholesale,,,,,,,,,Thu Dec 04 2025 21:55:36 GMT-0300 (Horário Padrão de Brasília),Thu Dec 04 2025 21:55:36 GMT-0300 (Horário Padrão de Brasília)
31351,unknown,Summit Trading,,,,,,,,,Thu Dec 04 2025 21:55:36 GMT-0300 (Horário Padrão de Brasília),Thu Dec 04 2025 21:55:36 GMT-0300 (Horário Padrão de Brasília)
31352,unknown,AC Beauty,,,,,,,,,Thu Dec 04 2025 21:55:36 GMT-0300 (Horário Padrão de Brasília),Thu Dec 04 2025 21:55:36 GMT-0300 (Horário Padrão de Brasília)
31353,unknown,Stylekorean,,,,,,,,,Thu Dec 04 2025 21:55:36 GMT-0300 (Horário Padrão de Brasília),Thu Dec 04 2025 21:55:36 GMT-0300 (Horário Padrão de Brasília)
31354,unknown,nycnailandbeauty,,,,,,,,,Thu Dec 04 2025 21:55:36 GMT-0300 (Horário Padrão de Brasília),Thu Dec 04 2025 21:55:36 GMT-0300 (Horário Padrão de Brasília)
31355,unknown,MBS Ohama,,,,,,,,,Thu Dec 04 2025 21:55:36 GMT-0300 (Horário Padrão de Brasília),Thu Dec 04 2025 21:55:36 GMT-0300 (Horário Padrão de Brasília)
31356,unknown,Brand Name Distributors,,,,,,,,,Thu Dec 04 2025 21:55:36 GMT-0300 (Horário Padrão de Brasília),Thu Dec 04 2025 21:55:36 GMT-0300 (Horário Padrão de Brasília)
31357,unknown,PRICECO,,,,,,,,,Thu Dec 04 2025 21:55:36 GMT-0300 (Horário Padrão de Brasília),Thu Dec 04 2025 21:55:36 GMT-0300 (Horário Padrão de Brasília)
31358,unknown,Trade Management,,,,,,,,,Thu Dec 04 2025 21:55:36 GMT-0300 (Horário Padrão de Brasília),Thu Dec 04 2025 21:55:36 GMT-0300 (Horário Padrão de Brasília)
31359,unknown,Nubani Distributors,,,,,,,,,Thu Dec 04 2025 21:55:36 GMT-0300 (Horário Padrão de Brasília),Thu Dec 04 2025 21:55:36 GMT-0300 (Horário Padrão de Brasília)
31360,unknown,New York Cosmetics,,,,,,,,,Thu Dec 04 2025 21:55:36 GMT-0300 (Horário Padrão de Brasília),Thu Dec 04 2025 21:55:36 GMT-0300 (Horário Padrão de Brasília)
31361,unknown,,,,,,,,,,Thu Dec 04 2025 21:55:36 GMT-0300 (Horário Padrão de Brasília),Thu Dec 04 2025 21:55:36 GMT-0300 (Horário Padrão de Brasília)
31362,unknown,,,,,,,,,,Thu Dec 04 2025 21:55:36 GMT-0300 (Horário Padrão de Brasília),Thu Dec 04 2025 21:55:36 GMT-0300 (Horário Padrão de Brasília)
31363,unknown,,,,,,,,,,Thu Dec 04 2025 21:55:36 GMT-0300 (Horário Padrão de Brasília),Thu Dec 04 2025 21:55:36 GMT-0300 (Horário Padrão de Brasília)
31364,unknown,,,,,,,,,,Thu Dec 04 2025 21:55:36 GMT-0300 (Horário Padrão de Brasília),Thu Dec 04 2025 21:55:36 GMT-0300 (Horário Padrão de Brasília)
31365,unknown,,,,,,,,,,Thu Dec 04 2025 21:55:36 GMT-0300 (Horário Padrão de Brasília),Thu Dec 04 2025 21:55:36 GMT-0300 (Horário Padrão de Brasília)
31366,unknown,,,,,,,,,,Thu Dec 04 2025 21:55:36 GMT-0300 (Horário Padrão de Brasília),Thu Dec 04 2025 21:55:36 GMT-0300 (Horário Padrão de Brasília)
31367,unknown,,,,,,,,,,Thu Dec 04 2025 21:55:36 GMT-0300 (Horário Padrão de Brasília),Thu Dec 04 2025 21:55:36 GMT-0300 (Horário Padrão de Brasília)
31368,unknown,,,,,,,,,,Thu Dec 04 2025 21:55:36 GMT-0300 (Horário Padrão de Brasília),Thu Dec 04 2025 21:55:36 GMT-0300 (Horário Padrão de Brasília)
31369,unknown,,,,,,,,,,Thu Dec 04 2025 21:55:36 GMT-0300 (Horário Padrão de Brasília),Thu Dec 04 2025 21:55:36 GMT-0300 (Horário Padrão de Brasília)
31370,unknown,,,,,,,,,,Thu Dec 04 2025 21:55:36 GMT-0300 (Horário Padrão de Brasília),Thu Dec 04 2025 21:55:36 GMT-0300 (Horário Padrão de Brasília)
31371,unknown,,,,,,,,,,Thu Dec 04 2025 21:55:36 GMT-0300 (Horário Padrão de Brasília),Thu Dec 04 2025 21:55:36 GMT-0300 (Horário Padrão de Brasília)
31372,unknown,,,,,,,,,,Thu Dec 04 2025 21:55:36 GMT-0300 (Horário Padrão de Brasília),Thu Dec 04 2025 21:55:36 GMT-0300 (Horário Padrão de Brasília)
31373,unknown,,,,,,,,,,Thu Dec 04 2025 21:55:36 GMT-0300 (Horário Padrão de Brasília),Thu Dec 04 2025 21:55:36 GMT-0300 (Horário Padrão de Brasília)
31374,unknown,,,,,,,,,,Thu Dec 04 2025 21:55:36 GMT-0300 (Horário Padrão de Brasília),Thu Dec 04 2025 21:55:36 GMT-0300 (Horário Padrão de Brasília)
31375,unknown,,,,,,,,,,Thu Dec 04 2025 21:55:36 GMT-0300 (Horário Padrão de Brasília),Thu Dec 04 2025 21:55:36 GMT-0300 (Horário Padrão de Brasília)
31376,unknown,,,,,,,,,,Thu Dec 04 2025 21:55:36 GMT-0300 (Horário Padrão de Brasília),Thu Dec 04 2025 21:55:36 GMT-0300 (Horário Padrão de Brasília)
31377,unknown,,,,,,,,,,Thu Dec 04 2025 21:55:36 GMT-0300 (Horário Padrão de Brasília),Thu Dec 04 2025 21:55:36 GMT-0300 (Horário Padrão de Brasília)
31378,unknown,,,,,,,,,,Thu Dec 04 2025 21:55:36 GMT-0300 (Horário Padrão de Brasília),Thu Dec 04 2025 21:55:36 GMT-0300 (Horário Padrão de Brasília)
31379,unknown,,,,,,,,,,Thu Dec 04 2025 21:55:36 GMT-0300 (Horário Padrão de Brasília),Thu Dec 04 2025 21:55:36 GMT-0300 (Horário Padrão de Brasília)
31380,unknown,Chicago Importing Company,,,,,,,,,Thu Dec 04 2025 21:55:36 GMT-0300 (Horário Padrão de Brasília),Thu Dec 04 2025 21:55:36 GMT-0300 (Horário Padrão de Brasília)
31381,unknown,,,,,,,,,,Thu Dec 04 2025 21:55:36 GMT-0300 (Horário Padrão de Brasília),Thu Dec 04 2025 21:55:36 GMT-0300 (Horário Padrão de Brasília)
31382,unknown,,,,,,,,,,Thu Dec 04 2025 21:55:36 GMT-0300 (Horário Padrão de Brasília),Thu Dec 04 2025 21:55:36 GMT-0300 (Horário Padrão de Brasília)
31383,unknown,,,,,,,,,,Thu Dec 04 2025 21:55:36 GMT-0300 (Horário Padrão de Brasília),Thu Dec 04 2025 21:55:36 GMT-0300 (Horário Padrão de Brasília)
31384,unknown,,,,,,,,,,Thu Dec 04 2025 21:55:36 GMT-0300 (Horário Padrão de Brasília),Thu Dec 04 2025 21:55:36 GMT-0300 (Horário Padrão de Brasília)
31385,unknown,Salehoo,,,,,,,,,Thu Dec 04 2025 21:55:36 GMT-0300 (Horário Padrão de Brasília),Thu Dec 04 2025 21:55:36 GMT-0300 (Horário Padrão de Brasília)
31386,unknown,manta,,,,,,,,,Thu Dec 04 2025 21:55:36 GMT-0300 (Horário Padrão de Brasília),Thu Dec 04 2025 21:55:36 GMT-0300 (Horário Padrão de Brasília)
31387,unknown,Clever Wholesale,,,,,,,,,Thu Dec 04 2025 21:55:36 GMT-0300 (Horário Padrão de Brasília),Thu Dec 04 2025 21:55:36 GMT-0300 (Horário Padrão de Brasília)
31388,unknown,Toydirectory,,,,,,,,,Thu Dec 04 2025 21:55:36 GMT-0300 (Horário Padrão de Brasília),Thu Dec 04 2025 21:55:36 GMT-0300 (Horário Padrão de Brasília)
31389,unknown,4Wholesale USA,,,,,,,,,Thu Dec 04 2025 21:55:36 GMT-0300 (Horário Padrão de Brasília),Thu Dec 04 2025 21:55:36 GMT-0300 (Horário Padrão de Brasília)
31390,unknown,WHOLESALECENTRAL.com,,,,,,,,,Thu Dec 04 2025 21:55:36 GMT-0300 (Horário Padrão de Brasília),Thu Dec 04 2025 21:55:36 GMT-0300 (Horário Padrão de Brasília)
31391,unknown,World Wide Brands,,,,,,,,,Thu Dec 04 2025 21:55:36 GMT-0300 (Horário Padrão de Brasília),Thu Dec 04 2025 21:55:36 GMT-0300 (Horário Padrão de Brasília)
31392,unknown,Inventory Source,,,,,,,,,Thu Dec 04 2025 21:55:36 GMT-0300 (Horário Padrão de Brasília),Thu Dec 04 2025 21:55:36 GMT-0300 (Horário Padrão de Brasília)
31393,unknown,Esource,,,,,,,,,Thu Dec 04 2025 21:55:36 GMT-0300 (Horário Padrão de Brasília),Thu Dec 04 2025 21:55:36 GMT-0300 (Horário Padrão de Brasília)
31394,unknown,sparkshipping.com,,,,,,,,,Thu Dec 04 2025 21:55:36 GMT-0300 (Horário Padrão de Brasília),Thu Dec 04 2025 21:55:36 GMT-0300 (Horário Padrão de Brasília)
31395,unknown,TopTenWholesale.com,,,,,,,,,Thu Dec 04 2025 21:55:36 GMT-0300 (Horário Padrão de Brasília),Thu Dec 04 2025 21:55:36 GMT-0300 (Horário Padrão de Brasília)
31396,unknown,FleaMarketZone.com,,,,,,,,,Thu Dec 04 2025 21:55:36 GMT-0300 (Horário Padrão de Brasília),Thu Dec 04 2025 21:55:36 GMT-0300 (Horário Padrão de Brasília)
31397,unknown,WholesaleCenter.com,,,,,,,,,Thu Dec 04 2025 21:55:36 GMT-0300 (Horário Padrão de Brasília),Thu Dec 04 2025 21:55:36 GMT-0300 (Horário Padrão de Brasília)
31398,unknown,IndependentRetailer.com,,,,,,,,,Thu Dec 04 2025 21:55:36 GMT-0300 (Horário Padrão de Brasília),Thu Dec 04 2025 21:55:36 GMT-0300 (Horário Padrão de Brasília)
31399,unknown,https://supplyleader.com/,,,,,,,,,Thu Dec 04 2025 21:55:36 GMT-0300 (Horário Padrão de Brasília),Thu Dec 04 2025 21:55:36 GMT-0300 (Horário Padrão de Brasília)
31400,unknown,Yelp.com,,,,,,,,,Thu Dec 04 2025 21:55:36 GMT-0300 (Horário Padrão de Brasília),Thu Dec 04 2025 21:55:36 GMT-0300 (Horário Padrão de Brasília)
31401,unknown,https://www.productsourcing101.com/directory/,,,,,,,,,Thu Dec 04 2025 21:55:36 GMT-0300 (Horário Padrão de Brasília),Thu Dec 04 2025 21:55:36 GMT-0300 (Horário Padrão de Brasília)
31402,unknown,https://merkandi.com/,,,,,,,,,Thu Dec 04 2025 21:55:36 GMT-0300 (Horário Padrão de Brasília),Thu Dec 04 2025 21:55:36 GMT-0300 (Horário Padrão de Brasília)
31403,unknown,,,,,,,,,,Thu Dec 04 2025 21:55:36 GMT-0300 (Horário Padrão de Brasília),Thu Dec 04 2025 21:55:36 GMT-0300 (Horário Padrão de Brasília)
31404,unknown,ASD Marketweek,,,,,,,,,Thu Dec 04 2025 21:55:36 GMT-0300 (Horário Padrão de Brasília),Thu Dec 04 2025 21:55:36 GMT-0300 (Horário Padrão de Brasília)
31405,unknown,Comic-Con,,,,,,,,,Thu Dec 04 2025 21:55:36 GMT-0300 (Horário Padrão de Brasília),Thu Dec 04 2025 21:55:36 GMT-0300 (Horário Padrão de Brasília)
31406,unknown,Toy Fair,,,,,,,,,Thu Dec 04 2025 21:55:36 GMT-0300 (Horário Padrão de Brasília),Thu Dec 04 2025 21:55:36 GMT-0300 (Horário Padrão de Brasília)
31407,unknown,EventsEye,,,,,,,,,Thu Dec 04 2025 21:55:36 GMT-0300 (Horário Padrão de Brasília),Thu Dec 04 2025 21:55:36 GMT-0300 (Horário Padrão de Brasília)
31408,unknown,ntradeshows,,,,,,,,,Thu Dec 04 2025 21:55:36 GMT-0300 (Horário Padrão de Brasília),Thu Dec 04 2025 21:55:36 GMT-0300 (Horário Padrão de Brasília)
31409,unknown,Dallas Market Center,,,,,,,,,Thu Dec 04 2025 21:55:36 GMT-0300 (Horário Padrão de Brasília),Thu Dec 04 2025 21:55:36 GMT-0300 (Horário Padrão de Brasília)
31410,unknown,Midwest Market Days,,,,,,,,,Thu Dec 04 2025 21:55:36 GMT-0300 (Horário Padrão de Brasília),Thu Dec 04 2025 21:55:36 GMT-0300 (Horário Padrão de Brasília)
31411,unknown,Mid-Atlantic Mart,,,,,,,,,Thu Dec 04 2025 21:55:36 GMT-0300 (Horário Padrão de Brasília),Thu Dec 04 2025 21:55:36 GMT-0300 (Horário Padrão de Brasília)
31412,unknown,Asia America Show,,,,,,,,,Thu Dec 04 2025 21:55:36 GMT-0300 (Horário Padrão de Brasília),Thu Dec 04 2025 21:55:36 GMT-0300 (Horário Padrão de Brasília)
31413,unknown,IAAPA,,,,,,,,,Thu Dec 04 2025 21:55:36 GMT-0300 (Horário Padrão de Brasília),Thu Dec 04 2025 21:55:36 GMT-0300 (Horário Padrão de Brasília)
31414,unknown,Amusement Expo International,,,,,,,,,Thu Dec 04 2025 21:55:36 GMT-0300 (Horário Padrão de Brasília),Thu Dec 04 2025 21:55:36 GMT-0300 (Horário Padrão de Brasília)